Excel Analysis ToolPak,,,,,,,,Ticker,Yearly Change,Percent Change,Total Stock Volume,,,,,,,,,,,Dialog List,,Dialog area,dbAnalysis,,,,,,,,dbAnova1,,,,,,,,dbRegression,,,,,,,,dbOutput,,,,,,,,dbCorrelation,,,,,,,,dbDescrip,,,,,,,,dbExponent,,,,,,,,dbFTest,,,,,,,,dbSampling,,,,,,,,dbRandom,,,,,,
__Longname,',,,,,,,__Longname,0,6553500.00%,0,,,,,,,,,,,,,------>,XLADDIN.CHM!1780,,,515,200,Data Analysis,4,,XLADDIN.CHM!1781,,,515,276,Anova: Single Factor,5,,XLADDIN.CHM!1802,,,515,428,Regression,16,,,,,515,166,0,,,XLADDIN.CHM!1784,,,515,252,Correlation,5,,XLADDIN.CHM!1786,,,515,352,Descriptive Statistics,5,,XLADDIN.CHM!1787,,,515,264,Exponential Smoothing,5,,XLADDIN.CHM!1789,,,515,272,F-Test Two-Sample for Variances,5,,XLADDIN.CHM!1803,,,515,356,Sampling,5,,XLADDIN.CHM!1794,,,515,344,Random Number Generation,4
,,,,,,,,,0,6553500.00%,0,,,,,,,,,,,Correlation,,,1,414,16,88,,OK,,,1,412,16,90,,OK,,,1,412,16,90,,OK,,,1,412,16,104,,OK,,,1,412,16,90,,OK,,,1,412,16,90,,OK,,,1,412,16,90,,OK,,,1,412,16,90,,OK,,,1,412,16,90,,OK,,,1,410,16,90,,OK,
,,,,,,,,mg01s.LetterCol,0,6553500.00%,0,,,,,,,,USMap,ErrorTitles,ProcMap,uDialogList,Dialog_table,ProcHelps,2,414,40,88,,Cancel,,,2,412,40,90,,Cancel,,,2,412,40,90,,Cancel,,,2,412,40,104,,Cancel,,,2,412,40,90,,Cancel,,,2,412,40,90,,Cancel,,,2,412,40,90,,Cancel,,,2,412,40,90,,Cancel,,,2,412,40,90,,Cancel,,,2,410,40,90,,Cancel,
,,,,,,,,mg01s.LetterRow,0,6553500.00%,0,,,,,,,,0,Anova: Single Factor,0,Anova: Single Factor,dbAnova1,XLADDIN.CHM!1781,5,20,10,,,&Analysis Tools,,,14,20,10,388,146,Input,,,14,20,10,388,136,Input,,,14,7,40,390,121,Output options,,,14,20,10,388,120,Input,,,14,20,10,388,120,Input,,,14,20,10,388,110,Input,,,14,20,10,388,136,Input,,,14,20,10,388,84,Input,,,5,20,12,,,Number of &Variables:,
,,,,,,,,mLabelInColumn,0,6553500.00%,0,,,,,,,,1,Anova: Two-Factor With Replication,1,Anova: Two-Factor With Replication,dbAnova2,XLADDIN.CHM!1782,15,20,30,384,150,uDialogList,14,,5,36,36,,,&Input Range:,,,5,36,36,,,Input &Y Range:,,,111,,,,,,1,,5,36,36,,,&Input Range:,,,5,36,36,,,&Input Range:,,,5,36,36,,,&Input Range:,,,5,36,36,,,Variable &1 Range:,,,5,36,36,,,&Input Range:,,,7,250,10,150,,,
,,,,,,,,mLabelInRow,0,6553500.00%,0,,,,,,,,2,Anova: Two-Factor Without Replication,2,Anova: Two-Factor Without Replication,dbAnova3,XLADDIN.CHM!1783,,,,,,,,,10,222,33,160,,,,,10,222,33,160,,,R2C8:R596C8,,12,18,55,,,&Overwrite data in range:,,,10,222,33,160,,,,,10,223,33,160,,,,,10,222,33,160,,,,,10,222,33,160,,,,,10,222,33,160,,,,,5,20,36,,,Number of Random Num&bers:,
mg01s.LetterCol,C,,,,,,,mg01s.SampP,0,6553500.00%,0,,,,,,,,3,Correlation,3,Correlation,dbCorrelation,XLADDIN.CHM!1784,,,,,,,,,5,36,62,,,Grouped By:,,,5,36,62,,,Input &X Range:,,,12,,90,,,Write to new &range:,,,5,36,62,,,Grouped By:,,,5,36,62,,,Grouped By:,,,5,36,62,,,&Damping factor:,,,5,36,62,,,Variable &2 Range:,,,13,36,62,,,&Labels,FALSE,,7,250,34,150,,,
mg01s.LetterRow,R,,,,,,,mg01s.SampR,0,6553500.00%,0,,,,,,,,4,Covariance,4,Covariance,dbCovariance,XLADDIN.CHM!1785,,,,,,,,,111,,,,,,1,,10,222,59,160,,,R1C9:R596C9,,12,,110,,,New Worksheet &Ply:,,,111,,,,,,1,,111,,,,,,1,,8,222,62,68,,,,,10,222,59,160,,,,,14,20,98,388,136,Sampling Method,,,5,20,63,,,&Distribution:,
mLabelInColumn,&Labels in first column,,,,,,,mg01s.Date,0,6553500.00%,0,,,,,,,,5,Descriptive Statistics,5,Descriptive Statistics,dbDescrip,XLADDIN.CHM!1786,,,,,,,,,12,222,58,,,&Columns,,,13,36,88,,,&Labels,TRUE,,12,,130,,,New &Workbook,,,12,222,58,,,&Columns,,,12,223,58,,,&Columns,,,13,36,88,,,&Labels,FALSE,,13,36,88,,,&Labels,FALSE,,111,,,,,,1,,121,192,61,208,84,dbRandomList,7
mLabelInRow,&Labels in first row,,,,,,,mg01s.Info,0,6553500.00%,0,,,,,,,,6,Exponential Smoothing,6,Exponential Smoothing,dbExponent,XLADDIN.CHM!1787,,,,,,,,,12,,,,,&Rows,,,13,222,88,,,Constant is &Zero,FALSE,,5,8,7,375,30,Writing information to non-blank cells: data may be lost!,,,12,,,,,&Rows,,,12,,,,,&Rows,,,14,20,124,388,120,Output options,,,5,36,114,,,&Alpha:,,,12,36,124,,,P&eriodic,,,14,20,85,380,112,Parameters,
mg01s.SampP,P,,,,,,,mg01s.Math,0,6553500.00%,0,,,,,,,,7,F-Test Two-Sample for Variances,7,F-Test Two-Sample for Variances,dbFTest,XLADDIN.CHM!1789,,,,,,,,,13,36,98,,,&Labels in first row,FALSE,,113,36,114,,,Con&fidence Level:,FALSE,,5,43,73,233,16,R1C1,,,13,36,98,,,&Labels in First Row,FALSE,,13,36,98,,,&Labels in First Row,FALSE,,111,,,,,,1,,8,222,112,68,,,0.05,,12,,176,,,&Random,,,5,,,,,,dbDiscrete
mg01s.SampR,R,,,,,,,mg01s.Stat,0,6553500.00%,0,,,,,,,,8,Fourier Analysis,8,Fourier Analysis,dbFourier,XLADDIN.CHM!1788,,,,,,,,,5,36,124,,,&Alpha:,,,208,222,114,56,,,95,,210,223,88,160,,,R1C1,,14,20,134,385,98,Output options,,,14,20,134,388,198,Output options,,,12,36,150,,,&Output Range:,,,14,20,152,388,100,Output options,,,5,56,150,,,Period:,,,5,,,,,,
mg01s.Date,Date & Time,,,,,,,mg01s.Fin,0,6553500.00%,0,,,,,,,,9,Histogram,9,Histogram,dbHistogram,XLADDIN.CHM!1790,,,,,,,,,8,222,122,68,,,0.05,,5,280,114,,,%,,,210,223,108,160,,,,,111,,,,,,2,,111,,,,,,2,,212,,170,,,New Worksheet &Ply:,,,111,,,,,,2,,7,222,148,160,,,,,5,,,,,,
mg01s.Info,Information,,,,,,,mg01s.Eng,0,6553500.00%,0,,,,,,,,10,Moving Average,10,Moving Average,dbMoving,XLADDIN.CHM!1791,,,,,,,,,14,20,160,388,96,Output options,,,14,20,150,388,258,Output options,,,,,,,,,,,12,36,160,,,&Output Range:,,,12,36,160,,,&Output Range:,,,212,,190,,,New &Workbook,,,12,36,178,,,&Output Range:,,,5,56,202,,,Number of Samples:,,,5,,,,,,
mg01s.Math,Math & Trig,,,,,,,mg01s.Analysis,0,6553500.00%,0,,,,,,,,11,Random Number Generation,11,Random Number Generation,dbRandom,XLADDIN.CHM!1794,,,,,,,,,111,,,,,,2,,111,,,,,,2,,,,,,,,,,12,,180,,,New Worksheet &Ply:,,,12,,180,,,New Worksheet &Ply:,,,10,222,147,160,,,,,12,,198,,,New Worksheet &Ply:,,,207,222,200,160,,,,,5,,,,,,
mg01s.Stat,Statistical,,,,,,,mg01s.Anova,0,6553500.00%,0,,,,,,,,12,Rank and Percentile,12,Rank and Percentile,dbRankPer,XLADDIN.CHM!1801,,,,,,,,,12,36,186,,,&Output Range:,,,12,36,176,,,&Output Range:,,,,,,,,,,,12,,200,,,New &Workbook,,,12,,200,,,New &Workbook,,,206,222,169,160,,,,,12,,218,,,New &Workbook,,,14,20,238,388,98,Output options,,,5,,,,,,
mg01s.Fin,Financial,,,,,,,mg01s.ANSingleFact,0,6553500.00%,0,,,,,,,,13,Regression,13,Regression,dbRegression,XLADDIN.CHM!1802,,,,,,,,,12,,206,,,New Worksheet &Ply:,,,12,,196,,,New Worksheet &Ply:,,,,,,,,,,,210,222,157,160,,,,,210,223,157,160,,,,,13,36,216,,,&Chart Output,FALSE,,210,220,175,160,,,,,111,,,,,,2,,5,,,,,,
mg01s.Eng,Engineering,,,,,,,mg01s.ANTwoFactWi,0,6553500.00%,0,,,,,,,,14,Sampling,14,Sampling,dbSampling,XLADDIN.CHM!1803,,,,,,,,,12,,226,,,New &Workbook,,,12,,216,,,New &Workbook,,,,,,,,,,,6,222,179,160,,,,,6,223,179,160,,,,,13,222,216,,,&Standard Errors,FALSE,,6,220,197,160,,,,,12,36,264,,,&Output Range:,,,5,,,,,,
mg01s.Analysis,Data Analysis,,,,,,,mg01s.ANTwoFactWo,0,6553500.00%,0,,,,,,,,15,t-Test: Paired Two Sample for Means,15,t-Test: Paired Two Sample for Means,dbTTest1,XLADDIN.CHM!1792,,,,,,,,,210,222,183,160,,,,,210,222,173,160,,,,,,,,,,,,,,,,,,,,,13,36,226,,,&Summary statistics,FALSE,,,,,,,,,,,,,,,,,,12,,284,,,New Worksheet &Ply:,,,5,,,,,,
mg01s.Anova,Anova,,,,,,,mg01s.Summary,0,6553500.00%,0,,,,,,,,16,t-Test: Two-Sample Assuming Equal Variances,16,t-Test: Two-Sample Assuming Equal Variances,dbTTest2,XLADDIN.CHM!1804,,,,,,,,,6,222,205,160,,,,,6,222,195,160,,,,,,,,,,,,,,,,,,,,,113,36,252,,,Co&nfidence Level for Mean:,FALSE,,,,,,,,,,,,,,,,,,12,,304,,,New &Workbook,,,5,,,,,,
mg01s.ANSingleFact,Anova: Single Factor,,,,,,,mg01s.Groups,0,6553500.00%,0,,,,,,,,17,t-Test: Two-Sample Assuming Unequal Variances,17,t-Test: Two-Sample Assuming Unequal Variances,dbTTest3,XLADDIN.CHM!1793,,,,,,,,,,,,,,,,,14,36,242,356,84,Residuals,,,,,,,,,,,dbCovariance,,,,,,,,208,223,222,54,,,95,,,,,,,,,,,,,,,,,,210,222,261,160,,,,,5,36,111,,,Value and probability &input range:,
mg01s.ANTwoFactWi,Anova: Two-Factor With Replication,,,,,,,mg01s.Count,0,6553500.00%,0,,,,,,,,18,z-Test: Two Sample for Means,18,z-Test: Two Sample for Means,dbZTest,XLADDIN.CHM!1805,,,,,,,,,,,,,,,,,13,,268,,,&Residuals,FALSE,,,,,,,,,,XLADDIN.CHM!1785,,,515,252,Covariance,5,,5,280,224,,,%,,,,,,,,,,,,,,,,,,,6,222,283,160,,,,,10,36,127,279,,,
mg01s.ANTwoFactWo,Anova: Two-Factor Without Replication,,,,,,,mg01s.Sum,0,6553500.00%,0,,,,,,,,,,,,dbUniform,,,,,,,,,,,,,,,,,,13,,294,,,S&tandardized Residuals,FALSE,,,,,,,,,,1,412,16,90,,OK,,,113,36,274,,,Kth L&argest:,FALSE,,,,,,,,,,dbTTest1,,,,,,,,,,,,,,,,5,20,207,,,&Random Seed:,
mg01s.Summary,SUMMARY,,,,,,,mg01s.Average,0,6553500.00%,0,,,,,,,,,,,,dbNormal,,,,,,,,,,dbAnova2,,,,,,,,13,222,268,,,Resi&dual Plots,FALSE,,,,,,,,,,2,412,40,90,,Cancel,,,207,223,270,100,,,1,,,,,,,,,,XLADDIN.CHM!1792,,,559,292,t-Test: Paired Two Sample for Means,5,,,,,,,,,,7,220,205,160,,,
mg01s.Groups,Groups,,,,,,,mg01s.Variance,0,6553500.00%,0,,,,,,,,,,,,dbBernoulli,,,,,,,,,,XLADDIN.CHM!1782,,,515,240,Anova: Two-Factor With Replication,5,,13,,294,,,L&ine Fit Plots,TRUE,,,,,,,,,,14,20,10,388,120,Input,,,113,36,300,,,Kth S&mallest:,FALSE,,,,,,,,,,1,448,16,90,,OK,,,,,,,,,,,14,20,229,380,98,Output options,
mg01s.Count,Count,,,,,,,mg02s.ANOVA,0,6553500.00%,0,,,,,,,,,,,,dbBinomial,,,,,,,,,,1,412,16,90,,OK,,,14,36,330,356,58,Normal Probability,,,,,,,,,,,5,36,36,,,&Input Range:,,,207,223,296,100,,,1,,,,,,,,,,2,448,40,90,,Cancel,,,,,,,,,,,111,220,,,,,2
mg01s.Sum,Sum,,,,,,,mg01s.SrcVar,0,6553500.00%,0,,,,,,,,,,,,dbPoisson,,,,,,,,,,2,412,40,90,,Cancel,,,13,,356,,,&Normal Probability Plots,FALSE,,,,,,,,,,10,222,33,160,,,,,,,,,,,,,,,,,,,,,14,20,10,426,160,Input,,,,,,,,,,,12,36,255,,,&Output Range:,
mg01s.Average,Average,,,,,,,mg01s.SS,0,6553500.00%,0,,,,,,,,,,,,dbPatterned,,,,,,,,,,14,20,10,388,110,Input,,,,,,,,,,,,,,,,,,,5,36,62,,,Grouped By:,,,,,,,,,,,,,,,,,,,5,36,36,,,Variable &1 Range:,,,,,,,,,,,12,,275,,,New Worksheet &Ply:,
mg01s.Variance,Variance,,,,,,,mg01s.DF,0,6553500.00%,0,,,,,,,,,,,,dbDiscrete,,,,,,,,,,5,36,36,,,&Input Range:,,,,,,,,,,,,,,,,,,,111,,,,,,1,,,,,,,,,,,,,,,,,,10,260,33,160,,,,,,,,,,,,,12,,295,,,New &Workbook,
mg02s.ANOVA,ANOVA,,,,,,,mg01s.MS,0,6553500.00%,0,,,,,,,,,,,,dbAnalysis,,,,,,,,,,10,222,33,160,,,,,,,,,,,,,,,,,,,,,12,222,58,,,&Columns,,,,,,,,,,,,,,,,,,,5,36,62,,,Variable &2 Range:,,,,,,,,,,,210,220,252,160,,,
mg01s.SrcVar,Source of Variation,,,,,,,mg01s.F,0,6553500.00%,0,,,,,,,,,,,,,,,,,,,,,,5,36,62,,,&Rows per sample:,,,,,,,,,,,,,,,,,,,12,,,,,&Rows,,,,,,,,,,,,,,,,,,,10,260,59,160,,,,,,,,,,,,,6,220,274,160,,,
mg01s.SS,SS,,,,,,,mg01s.PVal,0,6553500.00%,0,,,,,,,,,,,,,,,,,,,,,,7,222,60,70,,,,,,,,,,,,,,,,,,,,,13,36,98,,,&Labels in First Row,FALSE,,,,,,,,,,,,,,,,,,5,36,88,,,Hypoth&esized Mean Difference:,,,,,,,,,,,,,,,,,
mg01s.DF,df,,,,,,,mg01s.FCrit,0,6553500.00%,0,,,,,,,,,,,,,,,,,,,,,,5,36,88,,,&Alpha:,,,,,,,,,,,,,,,,,,,14,20,134,385,98,Output options,,,,,,,,,,,,,,,,,,,8,260,86,160,,,,,,,,,,,,,,,,,,,
mg01s.MS,MS,,,,,,,mg01s.Total,0,6553500.00%,0,,,,,,,,,,,,,,,,,,,,,,8,222,86,70,,,0.05,,,,,,,,,,,,,,,,,,111,,,,,,2,,,,,,,,,,,,,,,,,,13,36,114,,,&Labels,FALSE,,,,,,,,,,dbUniform,,,,,,
mg01s.F,F,,,,,,,mg01s.BetweenGrp,0,6553500.00%,0,,,,,,,,,,,,,,,,,,,,,,14,20,124,388,96,Output options,,,,,,,,,,,,,,,,,,,12,36,160,,,&Output Range:,,,,,,,,,,,,,,,,,,,5,36,140,,,&Alpha:,,,,,,,,,,,5,,,,,,dbUniform
mg01s.PVal,P-value,,,,,,,mg01s.WithinGrp,0,6553500.00%,0,,,,,,,,,,,,,,,,,,,,,,111,,,,,,2,,,,,,,,,,,,,,,,,,12,,180,,,New Worksheet &Ply:,,,,,,,,,,,,,,,,,,,8,260,138,160,,,0.05,,,,,,,,,,5,,,,,,
mg01s.FCrit,F crit,,,,,,,mg01s.Sample,0,6553500.00%,0,,,,,,,,,,,,,,,,,,,,,,12,36,150,,,&Output Range:,,,,,,,,,,,,,,,,,,,12,,200,,,New &Workbook,,,,,,,,,,,,,,,,,,,14,20,174,426,98,Output options,,,,,,,,,,,5,,,,,,
mg01s.Total,Total,,,,,,,mg01s.Column,0,6553500.00%,0,,,,,,,,,,,,,,,,,,,,,,12,,170,,,New Worksheet &Ply:,,,,,,,,,,,,,,,,,,,210,222,157,160,,,,,,,,,,,,,,,,,,,,,111,,,,,,2,,,,,,,,,,5,,,,,,
mg01s.BetweenGrp,Between Groups,,,,,,,mg01s.Interaction,0,6553500.00%,0,,,,,,,,,,,,,,,,,,,,,,12,,190,,,New &Workbook,,,,,,,,,,,,,,,,,,,6,222,179,160,,,,,,,,,,,,,,,,,,,,,12,36,200,,,&Output Range:,,,,,,,,,,,5,,,,,,
mg01s.WithinGrp,Within Groups,,,,,,,mg01s.Within,0,6553500.00%,0,,,,,,,,,,,,,,,,,,,,,,210,222,147,160,,,,,,,,,,,,,,,,,,,,,,,,,,,,,,,,,,,,,,,,,,,,,12,,220,,,New Worksheet &Ply:,,,,,,,,,,,5,,,,,,
mg01s.Sample,Sample,,,,,,,mg01s.Rows,0,6553500.00%,0,,,,,,,,,,,,,,,,,,,,,,6,222,169,160,,,,,,,,,,,,,,,,,,,,,,,,,,,,,,,,,,,,,,,,,,,,,12,,240,,,New &Workbook,,,,,,,,,,,5,,,,,,
mg01s.Column,Column,,,,,,,mg01s.Columns,0,6553500.00%,0,,,,,,,,,,,,,,,,,,,,,,,,,,,,,,,,,,,,,,,,,,,,,,dbRankPer,,,,,,,,,,,,,,,,,,,,,,,,210,260,197,160,,,,,,,,,,,,,5,,,,,,
mg01s.Interaction,Interaction,,,,,,,mg01s.Error,0,6553500.00%,0,,,,,,,,,,,,,,,,,,,,,,,,,,,,,,,,,,,,,,,,,,,,,,XLADDIN.CHM!1801,,,515,252,Rank and Percentile,5,,,,,,,,,,,,,,,,,,6,260,219,160,,,,,,,,,,,,,5,36,111,,,B&etween,
mg01s.Within,Within,,,,,,,mg01s.Descr,0,6553500.00%,0,,,,,,,,,,,,,,,,,,,,,,,,,,,,,,,,,,,,,,,,,,,,,,1,412,16,90,,OK,,,,,,,,,,,,,,,,,,,,,,,,,,,,,,,,,,,8,108,109,60,,,0
mg01s.Rows,Rows,,,,,,,mg01s.Mean,0,6553500.00%,0,,,,,,,,,,,,,,,,,,,,,,,,,,,,,,,,,,,,,,,,,,,,,,2,412,40,90,,Cancel,,,,,,,,,,,,,,,,,,,,,,,,,,,,,,,,,,,5,184,111,,,&and,
mg01s.Columns,Columns,,,,,,,mg01s.StdErr,0,6553500.00%,0,,,,,,,,,,,,,,,,,,,,,,dbAnova3,,,,,,,,,,,,,,,,,,,,,,,,14,20,10,388,120,Input,,,,,,,,,,,,,,,,,,,,,,,,,,,,,,,,,,,8,225,109,60,,,1
mg01s.Error,Error,,,,,,,mg01s.Median,0,6553500.00%,0,,,,,,,,,,,,,,,,,,,,,,XLADDIN.CHM!1783,,,523,240,Anova: Two-Factor Without Replication,5,,,,,,,,,,,,,,,,,,5,36,36,,,&Input Range:,,,,,,,,,,,,,,,,,,,,,,,,,,,,,,,,,,,,,,,,,
mg01s.Descr,Descriptive Statistics,,,,,,,mg01s.Mode,0,6553500.00%,0,,,,,,,,,,,,,,,,,,,,,,1,412,16,90,,OK,,,,,,,,,,,,,,,,,,,10,222,33,160,,,,,,,,,,,,,,,,,,,,,dbTTest2,,,,,,,,,,,,,,,,dbPatterned,,,,,,
mg01s.Mean,Mean,,,,,,,mg01s.StdDev,0,6553500.00%,0,,,,,,,,,,,,,,,,,,,,,,2,412,40,90,,Cancel,,,,,,,,,,,,,,,,,,,5,36,62,,,Grouped By:,,,,,,,,,,,,,,,,,,,XLADDIN.CHM!1804,,,559,292,t-Test: Two-Sample Assuming Equal Variances,5,,,,,,,,,,5,36,111,,,&From,dbPatterned
mg01s.StdErr,Standard Error,,,,,,,mg01s.SampleVar,0,6553500.00%,0,,,,,,,,,,,,,,,,,,,,,,14,20,10,388,110,Input,,,,,,,,,,,,,,,,,,,111,,,,,,1,,,,,,,,,,,,,,,,,,1,448,16,90,,OK,,,,,,,,,,,8,76,109,60,,,
mg01s.Median,Median,,,,,,,mg01s.Kurtosis,0,6553500.00%,0,,,,,,,,,,,,,,,,,,,,,,5,36,36,,,&Input Range:,,,,,,,,,,,,,,,,,,,12,222,58,,,&Columns,,,,,,,,,,,,,,,,,,,2,448,40,90,,Cancel,,,,,,,,,,,5,142,111,,,&to,
mg01s.Mode,Mode,,,,,,,mg01s.Skewness,0,6553500.00%,0,,,,,,,,,,,,,,,,,,,,,,10,222,33,160,,,,,,,,,,,,,,,,,,,,,12,,,,,&Rows,,,,,,,,,,,,,,,,,,,14,20,10,426,160,Input,,,,,,,,,,,8,166,109,60,,,
mg01s.StdDev,Standard Deviation,,,,,,,mg01s.Range,0,6553500.00%,0,,,,,,,,,,,,,,,,,,,,,,13,36,62,,,&Labels,FALSE,,,,,,,,,,,,,,,,,,13,36,98,,,&Labels in First Row,FALSE,,,,,,,,,,,,,,,,,,5,36,36,,,Variable &1 Range:,,,,,,,,,,,5,232,111,,,in &steps of,
mg01s.SampleVar,Sample Variance,,,,,,,mg01s.Min,0,6553500.00%,0,,,,,,,,,,,,,,,,,,,,,,5,36,88,,,&Alpha:,,,,,,,,,,,,,,,,,,,14,20,134,385,98,Output options,,,,,,,,,,,,,,,,,,,10,260,33,160,,,,,,,,,,,,,8,325,109,60,,,
mg01s.Kurtosis,Kurtosis,,,,,,,mg01s.Max,0,6553500.00%,0,,,,,,,,,,,,,,,,,,,,,,8,222,86,70,,,0.05,,,,,,,,,,,,,,,,,,111,,,,,,2,,,,,,,,,,,,,,,,,,5,36,62,,,Variable &2 Range:,,,,,,,,,,,5,36,141,,,repeating &each number,
mg01s.Skewness,Skewness,,,,,,,mg01s.Largest,0,6553500.00%,0,,,,,,,,,,,,,,,,,,,,,,14,20,124,385,96,Output options,,,,,,,,,,,,,,,,,,,12,36,160,,,&Output Range:,,,,,,,,,,,,,,,,,,,10,260,59,160,,,,,,,,,,,,,7,210,139,60,,,
mg01s.Range,Range,,,,,,,mg01s.Smallest,0,6553500.00%,0,,,,,,,,,,,,,,,,,,,,,,111,,,,,,2,,,,,,,,,,,,,,,,,,12,,180,,,New Worksheet &Ply:,,,,,,,,,,,,,,,,,,,5,36,88,,,Hypoth&esized Mean Difference:,,,,,,,,,,,5,288,141,,,times,
mg01s.Min,Minimum,,,,,,,mg01s.ConfLvl,0,6553500.00%,0,,,,,,,,,,,,,,,,,,,,,,12,36,150,,,&Output Range:,,,,,,,,,,,,,,,,,,,12,,200,,,New &Workbook,,,,,,,,,,,,,,,,,,,8,260,86,160,,,,,,,,,,,,,5,36,163,,,repeating the seq&uence,
mg01s.Max,Maximum,,,,,,,mg01s.Correl,0,6553500.00%,0,,,,,,,,,,,,,,,,,,,,,,12,,170,,,New Worksheet &Ply:,,,,,,,,,,,,,,,,,,,210,222,157,160,,,,,,,,,,,,,,,,,,,,,13,36,114,,,&Labels,FALSE,,,,,,,,,,7,210,161,60,,,
mg01s.Largest,Largest,,,,,,,mg01s.Covar,0,6553500.00%,0,,,,,,,,,,,,,,,,,,,,,,12,,190,,,New &Workbook,,,,,,,,,,,,,,,,,,,6,222,179,160,,,,,,,,,,,,,,,,,,,,,5,36,140,,,&Alpha:,,,,,,,,,,,5,288,163,,,times,
mg01s.Smallest,Smallest,,,,,,,mg01s.ExpSmth,0,6553500.00%,0,,,,,,,,,,,,,,,,,,,,,,210,222,147,160,,,,,,,,,,,,,,,,,,,,,,,,,,,,,,,,,,,,,,,,,,,,,8,260,138,160,,,0.05,,,,,,,,,,,,,,,,
mg01s.ConfLvl,Confidence Level,,,,,,,mg01s.MovAvg,0,6553500.00%,0,,,,,,,,,,,,,,,,,,,,,,6,222,169,160,,,,,,,,,,,,,,,,,,,,,,,,,,,,,,,,,,,,,,,,,,,,,14,20,174,426,98,Output options,,,,,,,,,,,dbNormal,,,,,,
mg01s.Correl,Correlation,,,,,,,mg01s.Actual,0,6553500.00%,0,,,,,,,,,,,,,,,,,,,,,,,,,,,,,,,,,,,,,,,,,,,,,,,,,,,,,,,,,,,,,,,,,,,,,,111,,,,,,2,,,,,,,,,,5,,,,,,dbNormal
mg01s.Covar,Covariance,,,,,,,mg01s.Forecast,0,6553500.00%,0,,,,,,,,,,,,,,,,,,,,,,,,,,,,,,,,,,,,,,,,,,,,,,,,,,,,,,,,,,,,,,,,,,,,,,12,36,200,,,&Output Range:,,,,,,,,,,,5,,,,,,
mg01s.ExpSmth,Exponential Smoothing,,,,,,,mg01s.DataPoint,0,6553500.00%,0,,,,,,,,,,,,,,,,,,,,,,,,,,,,,,,,,,,,,,,,,,,,,,dbFourier,,,,,,,,,,,,,,,,,,,,,,,,12,,220,,,New Worksheet &Ply:,,,,,,,,,,,5,,,,,,
mg01s.MovAvg,Moving Average,,,,,,,mg01s.Value,0,6553500.00%,0,,,,,,,,,,,,,,,,,,,,,,,,,,,,,,,,,,,,,,,,,,,,,,XLADDIN.CHM!1788,,,515,246,Fourier Analysis,5,,,,,,,,,,,,,,,,,,12,,240,,,New &Workbook,,,,,,,,,,,5,,,,,,
mg01s.Actual,Actual,,,,,,,mg01s.Histogram,0,6553500.00%,0,,,,,,,,,,,,,,,,,,,,,,dbMoving,,,,,,,,,,,,,,,,,,,,,,,,1,412,16,90,,OK,,,,,,,,,,,,,,,,,,,210,260,197,160,,,,,,,,,,,,,5,,,,,,
mg01s.Forecast,Forecast,,,,,,,mg01s.Bin,0,6553500.00%,0,,,,,,,,,,,,,,,,,,,,,,XLADDIN.CHM!1791,,,523,264,Moving Average,5,,,,,,,,,,,,,,,,,,2,412,40,90,,Cancel,,,,,,,,,,,,,,,,,,,6,260,219,160,,,,,,,,,,,,,5,,,,,,
mg01s.DataPoint,Data Point,,,,,,,mg01s.Freq,0,6553500.00%,0,,,,,,,,,,,,,,,,,,,,,,1,412,16,90,,OK,,,,,,,,,,,,,,,,,,,14,20,10,388,88,Input,,,,,,,,,,,,,,,,,,,,,,,,,,,,,,,,,,,5,,,,,,
mg01s.Value,Value,,,,,,,mg01s.CumPer,0,6553500.00%,0,,,,,,,,,,,,,,,,,,,,,,2,412,40,90,,Cancel,,,,,,,,,,,,,,,,,,,5,36,36,,,&Input Range:,,,,,,,,,,,,,,,,,,,,,,,,,,,,,,,,,,,5,,,,,,
mg01s.Histogram,Histogram,,,,,,,mg01s.More,0,6553500.00%,0,,,,,,,,,,,,,,,,,,,,,,14,20,10,388,110,Input,,,,,,,,,,,,,,,,,,,10,222,33,160,,,,,,,,,,,,,,,,,,,,,,,,,,,,,,,,,,,,,5,36,111,,,M&ean =,
mg01s.Bin,Bin,,,,,,,mg01s.Fourier,0,6553500.00%,0,,,,,,,,,,,,,,,,,,,,,,5,36,36,,,&Input Range:,,,,,,,,,,,,,,,,,,,13,36,62,,,&Labels in First Row,FALSE,,,,,,,,,,,,,,,,,,,,,,,,,,,,,,,,,,8,194,108,60,,,0
mg01s.Freq,Frequency,,,,,,,mg01s.FTTwoVar,0,6553500.00%,0,,,,,,,,,,,,,,,,,,,,,,10,222,33,160,,,R3C3:R21C3,,,,,,,,,,,,,,,,,,14,20,102,388,124,Output options,,,,,,,,,,,,,,,,,,,dbTTest3,,,,,,,,,,,,,,,,5,36,134,,,&Standard deviation = ,
mg01s.CumPer,Cumulative %,,,,,,,mg01s.TTEqVar,0,6553500.00%,0,,,,,,,,,,,,,,,,,,,,,,13,36,62,,,&Labels in First Row,FALSE,,,,,,,,,,,,,,,,,,111,,,,,,2,,,,,,,,,,,,,,,,,,XLADDIN.CHM!1793,,,559,292,t-Test: Two-Sample Assuming Unequal Variances,5,,,,,,,,,,8,194,131,60,,,1
mg01s.More,More,,,,,,,mg01s.TTPaired,0,6553500.00%,0,,,,,,,,,,,,,,,,,,,,,,5,36,88,,,I&nterval:,,,,,,,,,,,,,,,,,,,12,36,128,,,&Output Range:,,,,,,,,,,,,,,,,,,,1,448,16,90,,OK,,,,,,,,,,,,,,,,,
mg01s.Fourier,Fourier,,,,,,,mg01s.TTUEqVar,0,6553500.00%,0,,,,,,,,,,,,,,,,,,,,,,7,222,86,69,,,2,,,,,,,,,,,,,,,,,,12,,148,,,New Worksheet &Ply:,,,,,,,,,,,,,,,,,,,2,448,40,90,,Cancel,,,,,,,,,,,dbBernoulli,,,,,,
mg01s.FTTwoVar,F-Test Two-Sample for Variances,,,,,,,mg01s.Obs,0,6553500.00%,0,,,,,,,,,,,,,,,,,,,,,,14,20,124,388,120,Output options,,,,,,,,,,,,,,,,,,,12,,168,,,New &Workbook,,,,,,,,,,,,,,,,,,,14,20,10,426,160,Input,,,,,,,,,,,5,,,,,,dbBernoulli
mg01s.TTEqVar,t-Test: Two-Sample Assuming Equal Variances,,,,,,,mg01s.F1Tail,0,6553500.00%,0,,,,,,,,,,,,,,,,,,,,,,111,,,,,,1,,,,,,,,,,,,,,,,,,210,222,125,160,,,,,,,,,,,,,,,,,,,,,5,36,36,,,Variable &1 Range:,,,,,,,,,,,5,,,,,,
mg01s.TTPaired,t-Test: Paired Two Sample for Means,,,,,,,mg01s.FCrit1,0,6553500.00%,0,,,,,,,,,,,,,,,,,,,,,,12,36,150,,,&Output Range:,,,,,,,,,,,,,,,,,,,6,222,147,160,,,,,,,,,,,,,,,,,,,,,10,260,33,160,,,,,,,,,,,,,5,,,,,,
mg01s.TTUEqVar,t-Test: Two-Sample Assuming Unequal Variances,,,,,,,mg01s.MeanDif,0,6553500.00%,0,,,,,,,,,,,,,,,,,,,,,,212,,170,,,New Worksheet &Ply:,,,,,,,,,,,,,,,,,,,13,36,190,,,I&nverse,FALSE,,,,,,,,,,,,,,,,,,5,36,62,,,Variable &2 Range:,,,,,,,,,,,5,,,,,,
mg01s.Obs,Observations,,,,,,,mg01s.PoolVar,0,6553500.00%,0,,,,,,,,,,,,,,,,,,,,,,212,,190,,,New &Workbook,,,,,,,,,,,,,,,,,,,,,,,,,,,,,,,,,,,,,,,,,,,10,260,59,160,,,,,,,,,,,,,5,,,,,,
mg01s.F1Tail,P(F<=f) one-tail,,,,,,,mg01s.PearCorrel,0,6553500.00%,0,,,,,,,,,,,,,,,,,,,,,,10,222,147,160,,,R2C8:R21C8,,,,,,,,,,,,,,,,,,,,,,,,,,,,,,,,,,,,,,,,,,5,36,88,,,Hypoth&esized Mean Difference:,,,,,,,,,,,5,,,,,,
mg01s.FCrit1,F Critical one-tail,,,,,,,mg01s.PT1Tail,0,6553500.00%,0,,,,,,,,,,,,,,,,,,,,,,206,222,169,160,,,,,,,,,,,,,,,,,,,,,,,,,,,,,,,,,,,,,,,,,,,,,8,260,86,160,,,,,,,,,,,,,5,,,,,,
mg01s.MeanDif,Hypothesized Mean Difference,,,,,,,mg01s.PT2Tail,0,6553500.00%,0,,,,,,,,,,,,,,,,,,,,,,13,36,216,,,&Chart Output,FALSE,,,,,,,,,,,,,,,,,,,,,,,,,,,,,,,,,,,,,,,,,,13,36,114,,,&Labels,FALSE,,,,,,,,,,5,,,,,,
mg01s.PoolVar,Pooled Variance,,,,,,,mg01s.tStat,0,6553500.00%,0,,,,,,,,,,,,,,,,,,,,,,13,222,216,,,&Standard Errors,FALSE,,,,,,,,,,,,,,,,,,dBHistogram,,,,,,5,,,,,,,,,,,,,,,,,,5,36,140,,,&Alpha:,,,,,,,,,,,5,,,,,,
mg01s.PearCorrel,Pearson Correlation,,,,,,,mg01s.TCrit1,0,6553500.00%,0,,,,,,,,,,,,,,,,,,,,,,,,,,,,,,,,,,,,,,,,,,,,,,XLADDIN.CHM!1790,,,523,316,Histogram,5,,,,,,,,,,,,,,,,,,8,260,138,160,,,0.05,,,,,,,,,,5,,,,,,
mg01s.PT1Tail,P(T<=t) one-tail,,,,,,,mg01s.TCrit2,0,6553500.00%,0,,,,,,,,,,,,,,,,,,,,,,,,,,,,,,,,,,,,,,,,,,,,,,1,412,16,90,,OK,,,,,,,,,,,,,,,,,,,14,20,174,426,98,Output options,,,,,,,,,,,5,36,111,,,p V&alue =,
mg01s.PT2Tail,P(T<=t) two-tail,,,,,,,mg01s.Variable1,0,6553500.00%,0,,,,,,,,,,,,,,,,,,,,,,,,,,,,,,,,,,,,,,,,,,,,,,2,412,40,90,,Cancel,,,,,,,,,,,,,,,,,,,111,,,,,,2,,,,,,,,,,8,109,108,60,,,
mg01s.tStat,t Stat,,,,,,,mg01s.Variable2,0,6553500.00%,0,,,,,,,,,,,,,,,,,,,,,,,,,,,,,,,,,,,,,,,,,,,,,,14,20,10,388,110,Input,,,,,,,,,,,,,,,,,,,12,36,200,,,&Output Range:,,,,,,,,,,,,,,,,,
mg01s.TCrit1,t Critical one-tail,,,,,,,mg01s.ZTest,0,6553500.00%,0,,,,,,,,,,,,,,,,,,,,,,,,,,,,,,,,,,,,,,,,,,,,,,5,36,36,,,&Input Range:,,,,,,,,,,,,,,,,,,,12,,220,,,New Worksheet &Ply:,,,,,,,,,,,dbBinomial,,,,,,
mg01s.TCrit2,t Critical two-tail,,,,,,,mg01s.KnownVar,0,6553500.00%,0,,,,,,,,,,,,,,,,,,,,,,,,,,,,,,,,,,,,,,,,,,,,,,10,222,33,160,,,,,,,,,,,,,,,,,,,,,12,,240,,,New &Workbook,,,,,,,,,,,5,,,,,,dbBinomial
mg01s.Variable1,Variable 1,,,,,,,mg01s.Z,0,6553500.00%,0,,,,,,,,,,,,,,,,,,,,,,,,,,,,,,,,,,,,,,,,,,,,,,5,36,62,,,&Bin Range:,,,,,,,,,,,,,,,,,,,210,260,197,160,,,,,,,,,,,,,5,,,,,,
mg01s.Variable2,Variable 2,,,,,,,mg01s.Z1Tail,0,6553500.00%,0,,,,,,,,,,,,,,,,,,,,,,,,,,,,,,,,,,,,,,,,,,,,,,10,222,59,160,,,,,,,,,,,,,,,,,,,,,6,260,219,160,,,,,,,,,,,,,5,,,,,,
mg01s.ZTest,z-Test: Two Sample for Means,,,,,,,mg01s.ZCrit1,0,6553500.00%,0,,,,,,,,,,,,,,,,,,,,,,,,,,,,,,,,,,,,,,,,,,,,,,13,36,88,,,&Labels,FALSE,,,,,,,,,,,,,,,,,,,,,,,,,,,,,,,,,,5,,,,,,
mg01s.KnownVar,Known Variance,,,,,,,mg01s.Z2Tail,0,6553500.00%,0,,,,,,,,,,,,,,,,,,,,,,,,,,,,,,,,,,,,,,,,,,,,,,14,20,124,388,174,Output options,,,,,,,,,,,,,,,,,,,,,,,,,,,,,,,,,,,5,,,,,,
mg01s.Z,z,,,,,,,mg01s.ZCrit2,0,6553500.00%,0,,,,,,,,,,,,,,,,,,,,,,,,,,,,,,,,,,,,,,,,,,,,,,111,,,,,,2,,,,,,,,,,,,,,,,,,,,,,,,,,,,,,,,,,5,,,,,,
mg01s.Z1Tail,P(Z<=z) one-tail,,,,,,,mg01s.RankPer,0,6553500.00%,0,,,,,,,,,,,,,,,,,,,,,,,,,,,,,,,,,,,,,,,,,,,,,,12,36,150,,,&Output Range:,,,,,,,,,,,,,,,,,,,,,,,,,,,,,,,,,,,5,,,,,,
mg01s.ZCrit1,z Critical one-tail,,,,,,,mg01s.Rank,0,6553500.00%,0,,,,,,,,,,,,,,,,,,,,,,,,,,,,,,,,,,,,,,,,,,,,,,12,,170,,,New Worksheet &Ply:,,,,,,,,,,,,,,,,,,,dbZTest,,,,,,,,,,,,,,,,5,,,,,,
mg01s.Z2Tail,P(Z<=z) two-tail,,,,,,,mg01s.Percent,0,6553500.00%,0,,,,,,,,,,,,,,,,,,,,,,,,,,,,,,,,,,,,,,,,,,,,,,12,,190,,,New &Workbook,,,,,,,,,,,,,,,,,,,XLADDIN.CHM!1805,,,559,348,z-Test: Two Sample for Means,5,,,,,,,,,,5,36,135,,,&Number of trials = ,
mg01s.ZCrit2,z Critical two-tail,,,,,,,mg01s.Point,0,6553500.00%,0,,,,,,,,,,,,,,,,,,,,,,,,,,,,,,,,,,,,,,,,,,,,,,210,222,147,160,,,,,,,,,,,,,,,,,,,,,1,448,16,90,,OK,,,,,,,,,,,7,175,132,60,,,
mg01s.RankPer,Rank and Percentile,,,,,,,mg01s.Row,0,6553500.00%,0,,,,,,,,,,,,,,,,,,,,,,,,,,,,,,,,,,,,,,,,,,,,,,6,222,169,160,,,,,,,,,,,,,,,,,,,,,2,448,40,90,,Cancel,,,,,,,,,,,5,36,111,,,p V&alue =,
mg01s.Rank,Rank,,,,,,,mg01s.RandNum,0,6553500.00%,0,,,,,,,,,,,,,,,,,,,,,,,,,,,,,,,,,,,,,,,,,,,,,,13,36,222,,,P&areto (sorted histogram),FALSE,,,,,,,,,,,,,,,,,,14,20,10,426,214,Input,,,,,,,,,,,8,175,108,60,,,
mg01s.Percent,Percent,,,,,,,mg01s.RandUniform,0,6553500.00%,0,,,,,,,,,,,,,,,,,,,,,,,,,,,,,,,,,,,,,,,,,,,,,,13,36,244,,,Cu&mulative Percentage,FALSE,,,,,,,,,,,,,,,,,,5,36,36,,,Variable &1 Range:,,,,,,,,,,,,,,,,,
mg01s.Point,Point,,,,,,,mg01s.RandNormal,0,6553500.00%,0,,,,,,,,,,,,,,,,,,,,,,,,,,,,,,,,,,,,,,,,,,,,,,13,36,266,,,&Chart Output,FALSE,,,,,,,,,,,,,,,,,,10,260,33,160,,,,,,,,,,,,,dbPoisson,,,,,,
mg01s.Row,Row,,,,,,,mg01s.RandBernoulli,0,6553500.00%,0,,,,,,,,,,,,,,,,,,,,,,,,,,,,,,,,,,,,,,,,,,,,,,,,,,,,,,,,,,,,,,,,,,,,,,5,36,62,,,Variable &2 Range:,,,,,,,,,,,5,,,,,,dbPoisson
mg01s.RandNum,Random Number Generation,,,,,,,mg01s.RandBinomial,0,6553500.00%,0,,,,,,,,,,,,,,,,,,,,,,,,,,,,,,,,,,,,,,,,,,,,,,,,,,,,,,,,,,,,,,,,,,,,,,10,260,59,160,,,,,,,,,,,,,5,,,,,,
mg01s.RandUniform,Uniform,,,,,,,mg01s.RandPoisson,0,6553500.00%,0,,,,,,,,,,,,,,,,,,,,,,,,,,,,,,,,,,,,,,,,,,,,,,,,,,,,,,,,,,,,,,,,,,,,,,5,36,88,,,H&ypothesized Mean Difference:,,,,,,,,,,,5,,,,,,
mg01s.RandNormal,Normal,,,,,,,mg01s.RandPatterned,0,6553500.00%,0,,,,,,,,,,,,,,,,,,,,,,,,,,,,,,,,,,,,,,,,,,,,,,,,,,,,,,,,,,,,,,,,,,,,,,8,260,86,160,,,,,,,,,,,,,5,,,,,,
mg01s.RandBernoulli,Bernoulli,,,,,,,mg01s.RandDiscrete,0,6553500.00%,0,,,,,,,,,,,,,,,,,,,,,,,,,,,,,,,,,,,,,,,,,,,,,,,,,,,,,,,,,,,,,,,,,,,,,,5,36,114,,,Variable 1 &Variance (known):,,,,,,,,,,,5,,,,,,
mg01s.RandBinomial,Binomial,,,,,,,mg01s.Regression,0,6553500.00%,0,,,,,,,,,,,,,,,,,,,,,,,,,,,,,,,,,,,,,,,,,,,,,,,,,,,,,,,,,,,,,,,,,,,,,,8,260,112,160,,,,,,,,,,,,,5,,,,,,
mg01s.RandPoisson,Poisson,,,,,,,mg01s.ResiOut,0,6553500.00%,0,,,,,,,,,,,,,,,,,,,,,,,,,,,,,,,,,,,,,,,,,,,,,,,,,,,,,,,,,,,,,,,,,,,,,,5,36,140,,,Variable 2 Va&riance (known):,,,,,,,,,,,5,,,,,,
mg01s.RandPatterned,Patterned,,,,,,,mg01s.Ob,0,6553500.00%,0,,,,,,,,,,,,,,,,,,,,,,,,,,,,,,,,,,,,,,,,,,,,,,,,,,,,,,,,,,,,,,,,,,,,,,8,260,138,160,,,,,,,,,,,,,5,,,,,,
mg01s.RandDiscrete,Discrete,,,,,,,mg01s.Predicted,0,6553500.00%,0,,,,,,,,,,,,,,,,,,,,,,,,,,,,,,,,,,,,,,,,,,,,,,,,,,,,,,,,,,,,,,,,,,,,,,13,36,166,,,&Labels,FALSE,,,,,,,,,,5,,,,,,
mg01s.Regression,Regression,,,,,,,mg01s.PredictedY,0,6553500.00%,0,,,,,,,,,,,,,,,,,,,,,,,,,,,,,,,,,,,,,,,,,,,,,,,,,,,,,,,,,,,,,,,,,,,,,,5,36,192,,,&Alpha:,,,,,,,,,,,5,,,,,,
mg01s.ResiOut,RESIDUAL OUTPUT,,,,,,,mg01s.StdResid,0,6553500.00%,0,,,,,,,,,,,,,,,,,,,,,,,,,,,,,,,,,,,,,,,,,,,,,,,,,,,,,,,,,,,,,,,,,,,,,,8,260,190,80,,,0.05,,,,,,,,,,5,36,111,,,&Lambda =,
mg01s.Ob,Observation,,,,,,,mg01s.ProbOut,0,6553500.00%,0,,,,,,,,,,,,,,,,,,,,,,,,,,,,,,,,,,,,,,,,,,,,,,,,,,,,,,,,,,,,,,,,,,,,,,14,20,228,426,100,Output options,,,,,,,,,,,8,142,108,60,18,,
mg01s.Predicted,Predicted,,,,,,,mg01s.Percentile,0,6553500.00%,0,,,,,,,,,,,,,,,,,,,,,,,,,,,,,,,,,,,,,,,,,,,,,,,,,,,,,,,,,,,,,,,,,,,,,,111,,,,,,2,,,,,,,,,,,,,,,,
mg01s.PredictedY,Predicted Y,,,,,,,mg01s.Y,0,6553500.00%,0,,,,,,,,,,,,,,,,,,,,,,,,,,,,,,,,,,,,,,,,,,,,,,,,,,,,,,,,,,,,,,,,,,,,,,12,36,254,,,&Output Range:,,,,,,,,,,,dbDiscrete,,,,,,
mg01s.StdResid,Standard Residuals,,,,,,,mg01s.SumOut,0,6553500.00%,0,,,,,,,,,,,,,,,,,,,,,,,,,,,,,,,,,,,,,,,,,,,,,,,,,,,,,,,,,,,,,,,,,,,,,,12,,274,,,New Worksheet &Ply:,,,,,,,,,,,5,,,,,,dbDiscrete
mg01s.ProbOut,PROBABILITY OUTPUT,,,,,,,mg01s.RegressStat,0,6553500.00%,0,,,,,,,,,,,,,,,,,,,,,,,,,,,,,,,,,,,,,,,,,,,,,,,,,,,,,,,,,,,,,,,,,,,,,,12,,294,,,New &Workbook,,,,,,,,,,,5,,,,,,
mg01s.Percentile,Percentile,,,,,,,mg01s.MultipleR,0,6553500.00%,0,,,,,,,,,,,,,,,,,,,,,,,,,,,,,,,,,,,,,,,,,,,,,,,,,,,,,,,,,,,,,,,,,,,,,,210,260,251,160,,,,,,,,,,,,,5,,,,,,
mg01s.Y,Y,,,,,,,mg01s.RSquare,0,6553500.00%,0,,,,,,,,,,,,,,,,,,,,,,,,,,,,,,,,,,,,,,,,,,,,,,,,,,,,,,,,,,,,,,,,,,,,,,6,260,273,160,,,,,,,,,,,,,5,,,,,,
mg01s.SumOut,SUMMARY OUTPUT,,,,,,,mg01s.AdjSq,0,6553500.00%,0,,,,,,,,,,,,,,,,,,,,,,,,,,,,,,,,,,,,,,,,,,,,,,,,,,,,,,,,,,,,,,,,,,,,,,,,,,,,,,,,,,,,,,5,,,,,,
mg01s.RegressStat,Regression Statistics,,,,,,,mg01s.Resid,0,6553500.00%,0,,,,,,,,,,,,,,,,,,,,,,,,,,,,,,,,,,,,,,,,,,,,,,,,,,,,,,,,,,,,,,,,,,,,,,,,,,,,,,,,,,,,,,5,,,,,,
mg01s.MultipleR,Multiple R,,,,,,,mg01s.SigniF,0,6553500.00%,0,,,,,,,,,,,,,,,,,,,,,,,,,,,,,,,,,,,,,,,,,,,,,,,,,,,,,,,,,,,,,,,,,,,,,,,,,,,,,,,,,,,,,,5,,,,,,
mg01s.RSquare,R Square,,,,,,,mg01s.Intercept,0,6553500.00%,0,,,,,,,,,,,,,,,,,,,,,,,,,,,,,,,,,,,,,,,,,,,,,,,,,,,,,,,,,,,,,,,,,,,,,,,,,,,,,,,,,,,,,,5,,,,,,
mg01s.AdjSq,Adjusted R Square,,,,,,,mg01s.Lower,0,6553500.00%,0,,,,,,,,,,,,,,,,,,,,,,,,,,,,,,,,,,,,,,,,,,,,,,,,,,,,,,,,,,,,,,,,,,,,,,,,,,,,,,,,,,,,,,5,,,,,,
mg01s.Resid,Residual,,,,,,,mg01s.Lower95,0,6553500.00%,0,,,,,,,,,,,,,,,,,,,,,,,,,,,,,,,,,,,,,,,,,,,,,,,,,,,,,,,,,,,,,,,,,,,,,,,,,,,,,,,,,,,,,,5,,,,,,
mg01s.SigniF,Significance F,,,,,,,mg01s.Upper,0,6553500.00%,0,,,,,,,,,,,,,,,,,,,,,,,,,,,,,,,,,,,,,,,,,,,,,,,,,,,,,,,,,,,,,,,,,,,,,,,,,,,,,,,,,,,,,,5,36,111,,,Value and probability &input range:,
mg01s.Intercept,Intercept,,,,,,,mg01s.Upper95,0,6553500.00%,0,,,,,,,,,,,,,,,,,,,,,,,,,,,,,,,,,,,,,,,,,,,,,,,,,,,,,,,,,,,,,,,,,,,,,,,,,,,,,,,,,,,,,,10,36,127,279,,,
mg01s.Lower,Lower,,,,,,,mg01s.VariableX,0,6553500.00%,0,,,,,,,,,,,,,,,,,,,,,,,,,,,,,,,,,,,,,,,,,,,,,,,,,,,,,,,,,,,,,,,,,,,,,,,,,,,,,,,,,,,,,,,,,,,,
mg01s.Lower95,Lower 95%,,,,,,,mg01s.Coeff,0,6553500.00%,0,,,,,,,,,,,,,,,,,,,,,,,,,,,,,,,,,,,,,,,,,,,,,,,,,,,,,,,,,,,,,,,,,,,,,,,,,,,,,,,,,,,,,,,,,,,,
mg01s.Upper,Upper,,,,,,,mg01s.ResidChartTitle,0,6553500.00%,0,,,,,,,,,,,,,,,,,,,,,,,,,,,,,,,,,,,,,,,,,,,,,,,,,,,,,,,,,,,,,,,,,,,,,,,,,,,,,,,,,,,,,,InitRandomDb,,,,,,
mg01s.Upper95,Upper 95%,,,,,,,mg01s.LineFitChartTitle,0,6553500.00%,0,,,,,,,,,,,,,,,,,,,,,,,,,,,,,,,,,,,,,,,,,,,,,,,,,,,,,,,,,,,,,,,,,,,,,,,,,,,,,,,,,,,,,,dbRandomList,,,,,,
mg01s.VariableX,X Variable,,,,,,,mg01s.ProbChartTitle,0,6553500.00%,0,,,,,,,,,,,,,,,,,,,,,,,,,,,,,,,,,,,,,,,,,,,,,,,,,,,,,,,,,,,,,,,,,,,,,,,,,,,,,,,,,,,,,,Uniform,dbUniform,,,,,
mg01s.Coeff,Coefficients,,,,,,,mg01s.SampPercentile,0,6553500.00%,0,,,,,,,,,,,,,,,,,,,,,,,,,,,,,,,,,,,,,,,,,,,,,,,,,,,,,,,,,,,,,,,,,,,,,,,,,,,,,,,,,,,,,,Normal,dbNormal,,,,,
mg01s.ResidChartTitle, Residual Plot,,,,,,,mg01s.Sampling,0,6553500.00%,0,,,,,,,,,,,,,,,,,,,,,,,,,,,,,,,,,,,,,,,,,,,,,,,,,,,,,,,,,,,,,,,,,,,,,,,,,,,,,,,,,,,,,,Bernoulli,dbBernoulli,,,,,
mg01s.LineFitChartTitle,Line Fit  Plot,,,,,,,misc.Calculating,0,6553500.00%,0,,,,,,,,,,,,,,,,,,,,,,,,,,,,,,,,,,,,,,,,,,,,,,,,,,,,,,,,,,,,,,,,,,,,,,,,,,,,,,,,,,,,,,Binomial,dbBinomial,,,,,
mg01s.ProbChartTitle,Normal Probability Plot,,,,,,,misc.False,0,6553500.00%,0,,,,,,,,,,,,,,,,,,,,,,,,,,,,,,,,,,,,,,,,,,,,,,,,,,,,,,,,,,,,,,,,,,,,,,,,,,,,,,,,,,,,,,Poisson,dbPoisson,,,,,
mg01s.SampPercentile,Sample Percentile,,,,,,,misc.True,0,6553500.00%,0,,,,,,,,,,,,,,,,,,,,,,,,,,,,,,,,,,,,,,,,,,,,,,,,,,,,,,,,,,,,,,,,,,,,,,,,,,,,,,,,,,,,,,Patterned,dbPatterned,,,,,
mg01s.Sampling,Sampling,,,,,,,errmsg.AllocMemErrCalc,0,6553500.00%,0,,,,,,,,,,,,,,,,,,,,,,,,,,,,,,,,,,,,,,,,,,,,,,,,,,,,,,,,,,,,,,,,,,,,,,,,,,,,,,,,,,,,,,Discrete,dbDiscrete,,,,,
misc.Calculating,Calculating,,,,,,,errmsg.AlphaNumeric,0,6553500.00%,0,,,,,,,,,,,,,,,,,,,,,,,,,,,,,,,,,,,,,,,,,,,,,,,,,,,,,,,,,,,,,,,,,,,,,,,,,,,,,,,,,,,,,,,,,,,,
misc.False,FALSE,,,,,,,errmsg.BernoulliProbErr,0,6553500.00%,0,,,,,,,,,,,,,,,,,,,,,,,,,,,,,,,,,,,,,,,,,,,,,,,,,,,,,,,,,,,,,,,,,,,,,,,,,,,,,,,,,,,,,,,,,,,,
misc.True,TRUE,,,,,,,errmsg.BinomialProbErr,0,6553500.00%,0,,,,,,,,,,,,,,,,,,,,,,,,,,,,,,,,,,,,,,,,,,,,,,,,,,,,,,,,,,,,,,,,,,,,,,,,,,,,,,,,,,,,,,,,,,,,
errmsg.AllocMemErrCalc, - Cannot allocate memory for calculation.,,,,,,,errmsg.BinomialTrialErr,0,6553500.00%,0,,,,,,,,,,,,,,,,,,,,,,,,,,,,,,,,,,,,,,,,,,,,,,,,,,,,,,,,,,,,,,,,,,,,,,,,,,,,,,,,,,,,,,,,,,,,
errmsg.AlphaNumeric, - Alpha must be a number in range 0 .. 1.,,,,,,,errmsg.BinRgHasNoData,0,6553500.00%,0,,,,,,,,,,,,,,,,,,,,,,,,,,,,,,,,,,,,,,,,,,,,,,,,,,,,,,,,,,,,,,,,,,,,,,,,,,,,,,,,,,,,,,,,,,,,
errmsg.BernoulliProbErr, - Bernoulli probability is required and must be a number between 0 .. 1.,,,,,,,errmsg.BinRgMustBeRef,0,6553500.00%,0,,,,,,,,,,,,,,,,,,,,,,,,,,,,,,,,,,,,,,,,,,,,,,,,,,,,,,,,,,,,,,,,,,,,,,,,,,,,,,,,,,,,,,,,,,,,
errmsg.BinomialProbErr, - Binomial probability is required and must be a number between 0 .. 1.,,,,,,,errmsg.BinRgNonNumeric,0,6553500.00%,0,,,,,,,,,,,,,,,,,,,,,,,,,,,,,,,,,,,,,,,,,,,,,,,,,,,,,,,,,,,,,,,,,,,,,,,,,,,,,,,,,,,,,,,,,,,,
errmsg.BinomialTrialErr, - Binomial trials is required and must be an integer greater than zero.,,,,,,,errmsg.BinInOverlap,0,6553500.00%,0,,,,,,,,,,,,,,,,,,,,,,,,,,,,,,,,,,,,,,,,,,,,,,,,,,,,,,,,,,,,,,,,,,,,,,,,,,,,,,,,,,,,,,,,,,,,
errmsg.BinRgHasNoData, - Bin range cannot be empty.,,,,,,,errmsg.BinOutOverlap,0,6553500.00%,0,,,,,,,,,,,,,,,,,,,,,,,,,,,,,,,,,,,,,,,,,,,,,,,,,,,,,,,,,,,,,,,,,,,,,,,,,,,,,,,,,,,,,,,,,,,,
errmsg.BinRgMustBeRef," - Bin Range can be omitted.  If entered, Bin Range must be a reference.",,,,,,,errmsg.BinsEmpty,0,6553500.00%,0,,,,,,,,,,,,,,,,,,,,,,,,,,,,,,,,,,,,,,,,,,,,,,,,,,,,,,,,,,,,,,,,,,,,,,,,,,,,,,,,,,,,,,,,,,,,
errmsg.BinRgNonNumeric, - Bin Range cannot have non-numeric data.,,,,,,,errmsg.BoolChart,0,6553500.00%,0,,,,,,,,,,,,,,,,,,,,,,,,,,,,,,,,,,,,,,,,,,,,,,,,,,,,,,,,,,,,,,,,,,,,,,,,,,,,,,,,,,,,,,,,,,,,
errmsg.BinInOverlap, - Bin range and Input range overlap.,,,,,,,errmsg.BoolConstZero,0,6553500.00%,0,,,,,,,,,,,,,,,,,,,,,,,,,,,,,,,,,,,,,,,,,,,,,,,,,,,,,,,,,,,,,,,,,,,,,,,,,,,,,,,,,,,,,,,,,,,,
errmsg.BinOutOverlap, - Bin range and Output range overlap.,,,,,,,errmsg.BoolCumuPerc,0,6553500.00%,0,,,,,,,,,,,,,,,,,,,,,,,,,,,,,,,,,,,,,,,,,,,,,,,,,,,,,,,,,,,,,,,,,,,,,,,,,,,,,,,,,,,,,,,,,,,,
errmsg.BinsEmpty, - Cannot draw chart for empty bins.,,,,,,,errmsg.BoolInverse,0,6553500.00%,0,,,,,,,,,,,,,,,,,,,,,,,,,,,,,,,,,,,,,,,,,,,,,,,,,,,,,,,,,,,,,,,,,,,,,,,,,,,,,,,,,,,,,,,,,,,,
errmsg.BoolChart, - Chart Output must be a logical value.,,,,,,,errmsg.BoolLchart,0,6553500.00%,0,,,,,,,,,,,,,,,,,,,,,,,,,,,,,,,,,,,,,,,,,,,,,,,,,,,,,,,,,,,,,,,,,,,,,,,,,,,,,,,,,,,,,,,,,,,,
errmsg.BoolConstZero, - Constant must be a logical value.,,,,,,,errmsg.BoolLbl,0,6553500.00%,0,,,,,,,,,,,,,,,,,,,,,,,,,,,,,,,,,,,,,,,,,,,,,,,,,,,,,,,,,,,,,,,,,,,,,,,,,,,,,,,,,,,,,,,,,,,,
errmsg.BoolCumuPerc, - Cumulative Percentage must be a logical value.,,,,,,,errmsg.BoolPareto,0,6553500.00%,0,,,,,,,,,,,,,,,,,,,,,,,,,,,,,,,,,,,,,,,,,,,,,,,,,,,,,,,,,,,,,,,,,,,,,,,,,,,,,,,,,,,,,,,,,,,,
errmsg.BoolInverse, - Inverse must be a logical value.,,,,,,,errmsg.BoolPchart,0,6553500.00%,0,,,,,,,,,,,,,,,,,,,,,,,,,,,,,,,,,,,,,,,,,,,,,,,,,,,,,,,,,,,,,,,,,,,,,,,,,,,,,,,,,,,,,,,,,,,,
errmsg.BoolLchart, - Line Fit Plots must be a logical value.,,,,,,,errmsg.BoolRchart,0,6553500.00%,0,,,,,,,,,,,,,,,,,,,,,,,,,,,,,,,,,,,,,,,,,,,,,,,,,,,,,,,,,,,,,,,,,,,,,,,,,,,,,,,,,,,,,,,,,,,,
errmsg.BoolLbl, - Label must be a logical value.,,,,,,,errmsg.BoolResid,0,6553500.00%,0,,,,,,,,,,,,,,,,,,,,,,,,,,,,,,,,,,,,,,,,,,,,,,,,,,,,,,,,,,,,,,,,,,,,,,,,,,,,,,,,,,,,,,,,,,,,
errmsg.BoolPareto, - Pareto must be a logical value.,,,,,,,errmsg.BoolStdErr,0,6553500.00%,0,,,,,,,,,,,,,,,,,,,,,,,,,,,,,,,,,,,,,,,,,,,,,,,,,,,,,,,,,,,,,,,,,,,,,,,,,,,,,,,,,,,,,,,,,,,,
errmsg.BoolPchart, - Normal Probability Plots must be a logical value.,,,,,,,errmsg.BoolStdResid,0,6553500.00%,0,,,,,,,,,,,,,,,,,,,,,,,,,,,,,,,,,,,,,,,,,,,,,,,,,,,,,,,,,,,,,,,,,,,,,,,,,,,,,,,,,,,,,,,,,,,,
errmsg.BoolRchart, - Residual Plots must be a logical value.,,,,,,,errmsg.BoolSumStat,0,6553500.00%,0,,,,,,,,,,,,,,,,,,,,,,,,,,,,,,,,,,,,,,,,,,,,,,,,,,,,,,,,,,,,,,,,,,,,,,,,,,,,,,,,,,,,,,,,,,,,
errmsg.BoolResid, - Residuals must be a logical value.,,,,,,,errmsg.CannotConvert2Ref,0,6553500.00%,0,,,,,,,,,,,,,,,,,,,,,,,,,,,,,,,,,,,,,,,,,,,,,,,,,,,,,,,,,,,,,,,,,,,,,,,,,,,,,,,,,,,,,,,,,,,,
errmsg.BoolStdErr, - Standard Errors Output must be a logical value.,,,,,,,errmsg.CannotGetRelref,0,6553500.00%,0,,,,,,,,,,,,,,,,,,,,,,,,,,,,,,,,,,,,,,,,,,,,,,,,,,,,,,,,,,,,,,,,,,,,,,,,,,,,,,,,,,,,,,,,,,,,
errmsg.BoolStdResid, - Standard Residuals must be a logical value.,,,,,,,errmsg.ChartHideData,0,6553500.00%,0,,,,,,,,,,,,,,,,,,,,,,,,,,,,,,,,,,,,,,,,,,,,,,,,,,,,,,,,,,,,,,,,,,,,,,,,,,,,,,,,,,,,,,,,,,,,
errmsg.BoolSumStat, - Summary Statistic must be a logical value.,,,,,,,errmsg.ChartOverEdge,0,6553500.00%,0,,,,,,,,,,,,,,,,,,,,,,,,,,,,,,,,,,,,,,,,,,,,,,,,,,,,,,,,,,,,,,,,,,,,,,,,,,,,,,,,,,,,,,,,,,,,
errmsg.CannotConvert2Ref, - Cannot convert input/output range to a valid reference!,,,,,,,errmsg.ConfirmAbort,0,6553500.00%,0,,,,,,,,,,,,,,,,,,,,,,,,,,,,,,,,,,,,,,,,,,,,,,,,,,,,,,,,,,,,,,,,,,,,,,,,,,,,,,,,,,,,,,,,,,,,
errmsg.CannotGetRelref, - Cannot create relative reference between ranges.,,,,,,,errmsg.ConfValuRg,0,6553500.00%,0,,,,,,,,,,,,,,,,,,,,,,,,,,,,,,,,,,,,,,,,,,,,,,,,,,,,,,,,,,,,,,,,,,,,,,,,,,,,,,,,,,,,,,,,,,,,
errmsg.ChartHideData, - Some data will be hidden by embedded chart(s).,,,,,,,errmsg.CoerceValProbErr,0,6553500.00%,0,,,,,,,,,,,,,,,,,,,,,,,,,,,,,,,,,,,,,,,,,,,,,,,,,,,,,,,,,,,,,,,,,,,,,,,,,,,,,,,,,,,,,,,,,,,,
errmsg.ChartOverEdge, - Cannot draw chart since its position will go over the bounds of the worksheet.,,,,,,,errmsg.DampNumeric,0,6553500.00%,0,,,,,,,,,,,,,,,,,,,,,,,,,,,,,,,,,,,,,,,,,,,,,,,,,,,,,,,,,,,,,,,,,,,,,,,,,,,,,,,,,,,,,,,,,,,,
errmsg.ConfirmAbort," - Interrupting calculations: Choose 'OK' to interrupt calculations, choose 'Cancel' to resume calculations.",,,,,,,errmsg.DampPos,0,6553500.00%,0,,,,,,,,,,,,,,,,,,,,,,,,,,,,,,,,,,,,,,,,,,,,,,,,,,,,,,,,,,,,,,,,,,,,,,,,,,,,,,,,,,,,,,,,,,,,
errmsg.ConfValuRg, - Confidence must be a number between 0 and 100.,,,,,,,errmsg.DProbSumErr,0,6553500.00%,0,,,,,,,,,,,,,,,,,,,,,,,,,,,,,,,,,,,,,,,,,,,,,,,,,,,,,,,,,,,,,,,,,,,,,,,,,,,,,,,,,,,,,,,,,,,,
errmsg.CoerceValProbErr, - Cannot convert input range into Values and Probabilities..,,,,,,,errmsg.DValProbReq,0,6553500.00%,0,,,,,,,,,,,,,,,,,,,,,,,,,,,,,,,,,,,,,,,,,,,,,,,,,,,,,,,,,,,,,,,,,,,,,,,,,,,,,,,,,,,,,,,,,,,,
errmsg.DampNumeric, - Damping Factor must be numeric.,,,,,,,errmsg.DValProbRows,0,6553500.00%,0,,,,,,,,,,,,,,,,,,,,,,,,,,,,,,,,,,,,,,,,,,,,,,,,,,,,,,,,,,,,,,,,,,,,,,,,,,,,,,,,,,,,,,,,,,,,
errmsg.DampPos, - Damping Factor must be a positive number.,,,,,,,errmsg.DValProbNonNumeric,0,6553500.00%,0,,,,,,,,,,,,,,,,,,,,,,,,,,,,,,,,,,,,,,,,,,,,,,,,,,,,,,,,,,,,,,,,,,,,,,,,,,,,,,,,,,,,,,,,,,,,
errmsg.DProbSumErr, - Numbers in discrete probability column must have a sum of 1.,,,,,,,errmsg.DValProbOverlap,0,6553500.00%,0,,,,,,,,,,,,,,,,,,,,,,,,,,,,,,,,,,,,,,,,,,,,,,,,,,,,,,,,,,,,,,,,,,,,,,,,,,,,,,,,,,,,,,,,,,,,
errmsg.DValProbReq, - Please specify a two-column range for Discrete Value and Probability input range.,,,,,,,errmsg.ExpMinDataStdErr,0,6553500.00%,0,,,,,,,,,,,,,,,,,,,,,,,,,,,,,,,,,,,,,,,,,,,,,,,,,,,,,,,,,,,,,,,,,,,,,,,,,,,,,,,,,,,,,,,,,,,,
errmsg.DValProbRows, - Please specify an input range with more than one value and more than one probability.,,,,,,,errmsg.ExtraRandArgs,0,6553500.00%,0,,,,,,,,,,,,,,,,,,,,,,,,,,,,,,,,,,,,,,,,,,,,,,,,,,,,,,,,,,,,,,,,,,,,,,,,,,,,,,,,,,,,,,,,,,,,
errmsg.DValProbNonNumeric, - Discrete Value and Probability ranges must have only numeric data and must have the same number of data.,,,,,,,errmsg.ExtraColsInX,0,6553500.00%,0,,,,,,,,,,,,,,,,,,,,,,,,,,,,,,,,,,,,,,,,,,,,,,,,,,,,,,,,,,,,,,,,,,,,,,,,,,,,,,,,,,,,,,,,,,,,
errmsg.DValProbOverlap, - Discrete Value and Probability range cannot overlap with output range.,,,,,,,errmsg.FourierCount,0,6553500.00%,0,,,,,,,,,,,,,,,,,,,,,,,,,,,,,,,,,,,,,,,,,,,,,,,,,,,,,,,,,,,,,,,,,,,,,,,,,,,,,,,,,,,,,,,,,,,,
errmsg.ExpMinDataStdErr, - Input range must contain at least 5 data points when Standard Errors are checked.,,,,,,,errmsg.FourierCountMax,0,6553500.00%,0,,,,,,,,,,,,,,,,,,,,,,,,,,,,,,,,,,,,,,,,,,,,,,,,,,,,,,,,,,,,,,,,,,,,,,,,,,,,,,,,,,,,,,,,,,,,
errmsg.ExtraRandArgs, - Too many arguments were supplied.  Please check syntax forms for RANDOM().,,,,,,,errmsg.GrpByRC,0,6553500.00%,0,,,,,,,,,,,,,,,,,,,,,,,,,,,,,,,,,,,,,,,,,,,,,,,,,,,,,,,,,,,,,,,,,,,,,,,,,,,,,,,,,,,,,,,,,,,,
errmsg.ExtraColsInX, - Input X Range cannot contain more than 16 variables (columns).,,,,,,,errmsg.InpRgAtLeast2Blks,0,6553500.00%,0,,,,,,,,,,,,,,,,,,,,,,,,,,,,,,,,,,,,,,,,,,,,,,,,,,,,,,,,,,,,,,,,,,,,,,,,,,,,,,,,,,,,,,,,,,,,
errmsg.FourierCount," - The number of input values must be a power of 2.  For example : 2, 4, 8, 16,  32, 64, 128, ...",,,,,,,errmsg.InpRgMustBeRef,0,6553500.00%,0,,,,,,,,,,,,,,,,,,,,,,,,,,,,,,,,,,,,,,,,,,,,,,,,,,,,,,,,,,,,,,,,,,,,,,,,,,,,,,,,,,,,,,,,,,,,
errmsg.FourierCountMax, - The number of input values must be 4096 or less.,,,,,,,errmsg.InpRgRequired,0,6553500.00%,0,,,,,,,,,,,,,,,,,,,,,,,,,,,,,,,,,,,,,,,,,,,,,,,,,,,,,,,,,,,,,,,,,,,,,,,,,,,,,,,,,,,,,,,,,,,,
errmsg.GrpByRC," - To indicate how groups of data are arranged, use ""C"" for columns, ""R"" for rows.",,,,,,,errmsg.InOutOverlap,0,6553500.00%,0,,,,,,,,,,,,,,,,,,,,,,,,,,,,,,,,,,,,,,,,,,,,,,,,,,,,,,,,,,,,,,,,,,,,,,,,,,,,,,,,,,,,,,,,,,,,
errmsg.InpRgAtLeast2Blks, - Input range should contain two or more blocks of data arranged in rows or columns.,,,,,,,errmsg.InpRgHasNoData,0,6553500.00%,0,,,,,,,,,,,,,,,,,,,,,,,,,,,,,,,,,,,,,,,,,,,,,,,,,,,,,,,,,,,,,,,,,,,,,,,,,,,,,,,,,,,,,,,,,,,,
errmsg.InpRgMustBeRef, - Input range must be a contiguous reference.,,,,,,,errmsg.IntervalNumeric,0,6553500.00%,0,,,,,,,,,,,,,,,,,,,,,,,,,,,,,,,,,,,,,,,,,,,,,,,,,,,,,,,,,,,,,,,,,,,,,,,,,,,,,,,,,,,,,,,,,,,,
errmsg.InpRgRequired, - Input range missing.  Please enter.,,,,,,,errmsg.IntervalPos,0,6553500.00%,0,,,,,,,,,,,,,,,,,,,,,,,,,,,,,,,,,,,,,,,,,,,,,,,,,,,,,,,,,,,,,,,,,,,,,,,,,,,,,,,,,,,,,,,,,,,,
errmsg.InOutOverlap, - Input and output ranges overlap!  Please re-enter.,,,,,,,errmsg.IntervalVsData,0,6553500.00%,0,,,,,,,,,,,,,,,,,,,,,,,,,,,,,,,,,,,,,,,,,,,,,,,,,,,,,,,,,,,,,,,,,,,,,,,,,,,,,,,,,,,,,,,,,,,,
errmsg.InpRgHasNoData, - Input range must contain at least one data point.,,,,,,,errmsg.InvalidComplexInp,0,6553500.00%,0,,,,,,,,,,,,,,,,,,,,,,,,,,,,,,,,,,,,,,,,,,,,,,,,,,,,,,,,,,,,,,,,,,,,,,,,,,,,,,,,,,,,,,,,,,,,
errmsg.IntervalNumeric, - Interval must be numeric.,,,,,,,errmsg.InvalidComplexSign,0,6553500.00%,0,,,,,,,,,,,,,,,,,,,,,,,,,,,,,,,,,,,,,,,,,,,,,,,,,,,,,,,,,,,,,,,,,,,,,,,,,,,,,,,,,,,,,,,,,,,,
errmsg.IntervalPos, - Interval must be a positive integer.,,,,,,,errmsg.KLargePos,0,6553500.00%,0,,,,,,,,,,,,,,,,,,,,,,,,,,,,,,,,,,,,,,,,,,,,,,,,,,,,,,,,,,,,,,,,,,,,,,,,,,,,,,,,,,,,,,,,,,,,
errmsg.IntervalVsData, - Interval cannot be greater than the data points.,,,,,,,errmsg.KSmallPos,0,6553500.00%,0,,,,,,,,,,,,,,,,,,,,,,,,,,,,,,,,,,,,,,,,,,,,,,,,,,,,,,,,,,,,,,,,,,,,,,,,,,,,,,,,,,,,,,,,,,,,
errmsg.InvalidComplexInp, - Input range contains invalid complex number.   Complex number should have form x+yi or x+yj,,,,,,,errmsg.LinestErr,0,6553500.00%,0,,,,,,,,,,,,,,,,,,,,,,,,,,,,,,,,,,,,,,,,,,,,,,,,,,,,,,,,,,,,,,,,,,,,,,,,,,,,,,,,,,,,,,,,,,,,
errmsg.InvalidComplexSign," - All complex numbers must have the same suffix, either ""i"" or ""j"".",,,,,,,errmsg.MeanDiffNumeric,0,6553500.00%,0,,,,,,,,,,,,,,,,,,,,,,,,,,,,,,,,,,,,,,,,,,,,,,,,,,,,,,,,,,,,,,,,,,,,,,,,,,,,,,,,,,,,,,,,,,,,
errmsg.KLargePos, - Kth Largest must be a positive integer greater than 0 and cannot exceed the number of data points.,,,,,,,errmsg.MissingArg,0,6553500.00%,0,,,,,,,,,,,,,,,,,,,,,,,,,,,,,,,,,,,,,,,,,,,,,,,,,,,,,,,,,,,,,,,,,,,,,,,,,,,,,,,,,,,,,,,,,,,,
errmsg.KSmallPos, - Kth Smallest must be a positive integer greater than 0 and cannot exceed the number of data points.,,,,,,,errmsg.MustBeSameSheet,0,6553500.00%,0,,,,,,,,,,,,,,,,,,,,,,,,,,,,,,,,,,,,,,,,,,,,,,,,,,,,,,,,,,,,,,,,,,,,,,,,,,,,,,,,,,,,,,,,,,,,
errmsg.LinestErr, - LINEST() function returns error.  Please check input ranges again.,,,,,,,errmsg.MustBeSglArea,0,6553500.00%,0,,,,,,,,,,,,,,,,,,,,,,,,,,,,,,,,,,,,,,,,,,,,,,,,,,,,,,,,,,,,,,,,,,,,,,,,,,,,,,,,,,,,,,,,,,,,
errmsg.MeanDiffNumeric, - The Mean Difference should be a positive number.,,,,,,,errmsg.MustBeSglRowCol,0,6553500.00%,0,,,,,,,,,,,,,,,,,,,,,,,,,,,,,,,,,,,,,,,,,,,,,,,,,,,,,,,,,,,,,,,,,,,,,,,,,,,,,,,,,,,,,,,,,,,,
errmsg.MissingArg, - Function needs more argument(s).,,,,,,,errmsg.MustHaveSameDataPts,0,6553500.00%,0,,,,,,,,,,,,,,,,,,,,,,,,,,,,,,,,,,,,,,,,,,,,,,,,,,,,,,,,,,,,,,,,,,,,,,,,,,,,,,,,,,,,,,,,,,,,
errmsg.MustBeSameSheet, - Input and output ranges must be on the same sheet.,,,,,,,errmsg.MVEXMinData,0,6553500.00%,0,,,,,,,,,,,,,,,,,,,,,,,,,,,,,,,,,,,,,,,,,,,,,,,,,,,,,,,,,,,,,,,,,,,,,,,,,,,,,,,,,,,,,,,,,,,,
errmsg.MustBeSglArea, - Input/output range must be a range of contiguous cells.,,,,,,,errmsg.NA,0,6553500.00%,0,,,,,,,,,,,,,,,,,,,,,,,,,,,,,,,,,,,,,,,,,,,,,,,,,,,,,,,,,,,,,,,,,,,,,,,,,,,,,,,,,,,,,,,,,,,,
errmsg.MustBeSglRowCol, - Input range must be a single row or column.,,,,,,,errmsg.NewBkErr,0,6553500.00%,0,,,,,,,,,,,,,,,,,,,,,,,,,,,,,,,,,,,,,,,,,,,,,,,,,,,,,,,,,,,,,,,,,,,,,,,,,,,,,,,,,,,,,,,,,,,,
errmsg.MustHaveSameDataPts, - Input ranges must have the same number of data points.,,,,,,,errmsg.NewShtErr,0,6553500.00%,0,,,,,,,,,,,,,,,,,,,,,,,,,,,,,,,,,,,,,,,,,,,,,,,,,,,,,,,,,,,,,,,,,,,,,,,,,,,,,,,,,,,,,,,,,,,,
errmsg.MVEXMinData, - Input range must contain at least 4 data points.,,,,,,,errmsg.NoMainDlg,0,6553500.00%,0,,,,,,,,,,,,,,,,,,,,,,,,,,,,,,,,,,,,,,,,,,,,,,,,,,,,,,,,,,,,,,,,,,,,,,,,,,,,,,,,,,,,,,,,,,,,
errmsg.NA,#N/A,,,,,,,errmsg.NoProcDlg,0,6553500.00%,0,,,,,,,,,,,,,,,,,,,,,,,,,,,,,,,,,,,,,,,,,,,,,,,,,,,,,,,,,,,,,,,,,,,,,,,,,,,,,,,,,,,,,,,,,,,,
errmsg.NewBkErr, - Cannot create new workbook. ,,,,,,,errmsg.NonNumericInpRg,0,6553500.00%,0,,,,,,,,,,,,,,,,,,,,,,,,,,,,,,,,,,,,,,,,,,,,,,,,,,,,,,,,,,,,,,,,,,,,,,,,,,,,,,,,,,,,,,,,,,,,
errmsg.NewShtErr, - Cannot create new ply for output.  Check Workbook Protection setting.,,,,,,,errmsg.NormalMeanErr,0,6553500.00%,0,,,,,,,,,,,,,,,,,,,,,,,,,,,,,,,,,,,,,,,,,,,,,,,,,,,,,,,,,,,,,,,,,,,,,,,,,,,,,,,,,,,,,,,,,,,,
errmsg.NoMainDlg,  Cannot access the Main ATP dialog box. Please contact customer service for help.,,,,,,,errmsg.NormalStdDevErr,0,6553500.00%,0,,,,,,,,,,,,,,,,,,,,,,,,,,,,,,,,,,,,,,,,,,,,,,,,,,,,,,,,,,,TRUE,,,,,,,,,,,,,,,,,,,,,,,,,,,,,,,,,
errmsg.NoProcDlg,  Cannot access the dialog box for selected procedure. Please contact customer service for help.,,,,,,,errmsg.NumOfSampInvalid,0,6553500.00%,0,,,,,,,,,,,,,,,,,,,,,,,,,,,,,,,,,,,,,,,,,,,,,,,,,,,,,,,,,,,,,,,,,,,,,,,,,,,,,,,,,,,,,,,,,,,,
errmsg.NonNumericInpRg, - Input range contains non-numeric data.,,,,,,,errmsg.NumOfSampReq,0,6553500.00%,0,,,,,,,,,,,,,,,,,,,,,,,,,,,,,,,,,,,,,,,,,,,,,,,,,,,,,,,,,,,,,,,,,,,,,,,,,,,,,,,,,,,,,,,,,,,,
errmsg.NormalMeanErr, - Normal mean is required and must be numeric.,,,,,,,errmsg.OffsetErr,0,6553500.00%,0,,,,,,,,,,,,,,,,,,,,,,,,,,,,,,,,,,,,,,,,,,,,,,,,,,,,,,,,,,,,,,,,,,,,,,,,,,,,,,,,,,,,,,,,,,,,
errmsg.NormalStdDevErr, - Normal standard deviation is required and must be a non-zero number.,,,,,,,errmsg.OpenResrcErr,0,6553500.00%,0,,,,,,,,,,,,,,,,,,,,,,,,,,,,,,,,,,,,,,,,,,,,,,,,,,,,,,,,,,,,,,,,,,,,,,,,,,,,,,,,,,,,,,,,,,,,
errmsg.NumOfSampInvalid, - Number of samples must be an integer greater than zero.,,,,,,,errmsg.OutOptErr,0,6553500.00%,0,,,,,,,,,,,,,,,,,,,,,,,,,,,,,,,,,,,,,,,,,,,,,,,,,,,,,,,,,,,,,,,,,,,,,,,,,,,,,,,,,,,,,,,,,,,,
errmsg.NumOfSampReq, - Please enter the number of random samples.,,,,,,,errmsg.OutRgMustBeRef,0,6553500.00%,0,,,,,,,,,,,,,,,,,,,,,,,,,,,,,,,,,,,,,,,,,,,,,,,,,,,,,,,,,,,,,,,,,,,,,,,,,,,,,,,,,,,,,,,,,,,,
errmsg.OffsetErr, - Having trouble to offset input/output reference.,,,,,,,errmsg.OutRgRequired,0,6553500.00%,0,,,,,,,,,,,,,,,,,,,,,,,,,,,TRUE,,,,,,,,TRUE,,,,,,,,TRUE,,,,,,,,TRUE,,,,,,,,,,,,,,,,TRUE,,,,,,,,,,,,,,,,TRUE,,,,,,,,,
errmsg.OpenResrcErr, - Cannot open resource sheet ,,,,,,,errmsg.OverEdgeErr,0,6553500.00%,0,,,,,,,,,,,,,,,,,,,TRUE,,,,,,,,,,,,,,,,,,,,,,,,,,,,,,,,,,,,,,,,,,,,,,,,,,,,,,,,,,,,,,,,,,,,,,,,,
errmsg.OutOptErr, - Invalid output option.,,,,,,,errmsg.Overwrite,0,6553500.00%,0,,,,,,,,,,,,,,,,,,,,,,,,,,,,,,,,,,,,,,,,,,,,,,,,,,,,,,,,,,,,,,,,,,,,,,,,,,,,,,,,,,,,,,,,,,,TRUE,
errmsg.OutRgMustBeRef, - Output range must be a valid reference.,,,,,,,errmsg.PatternedComb,0,6553500.00%,0,,,,,,,,,,,,,,,,,,,,,,,,,,,,,,,,,,,,,,,,,,,,,,,,,,,,,,,,,,,,,,,,,,,,,,,,,,,,,,,,,,,,,,,,,,,,
errmsg.OutRgRequired, - Output range missing.  Please enter.,,,,,,,errmsg.PatternedFrErr,0,6553500.00%,0,,,,,,,,,,,,,,,,,,,,,,,,,,,,,,,,,,,,,,,,,,,,,,,,,,,,,,,,,,,,,,,,,,,,,,,,,,,TRUE,,,,,,,,,,,,,,,,,
errmsg.OverEdgeErr, - Estimated output table will extend beyond the bounds of the worksheet.  Please choose a different reference.     ,,,,,,,errmsg.PatternedStepErr,0,6553500.00%,0,,,,,,,,,,,,,,,,,,,,,,,,,,,,,,,,,,,,,,,,,,,,,,,,,,,,,,,,,,,,,,,,,,,,,,,,,,,,,,,,,,,,,,,,,,,,
errmsg.Overwrite, - Output range will overwrite existing data.   Press OK to overwrite data in range :  ,,,,,,,errmsg.PatternedToErr,0,6553500.00%,0,,,,,,,,,,,,,,,,,,,,,,,,,,,,,,,,,,,,,,,,,,,,,,,,,,,,,,,,,,,,,,,,,,,,,,,,,,,,,,,,,,,,,,,,,,,,
errmsg.PatternedComb, - Patterned start cannot reach stop given step.,,,,,,,errmsg.PatternedRepNumErr,0,6553500.00%,0,,,,,,,,,,,,,,,,,,,,,,,,,,,,,,,,,,,,,,,,,,,,,,,,,,,,,,,,,,,,,,,,,,,,,,,,,,,,,,,,,,,,,,,,,,,,
errmsg.PatternedFrErr, - Patterned start is required and must be numeric.,,,,,,,errmsg.PatternedRepSeqErr,0,6553500.00%,0,,,,,,,,,,,,,,,,,,,,,,,,,,,,,,,,,,,,,,,,,,,,,,,,,,,,,,,,,,,,,,,,,,,,,,,,,,,,,,,,,,,,,,,,,,,,
errmsg.PatternedStepErr, - Patterned step is required and must be a non-zero number.,,,,,,,errmsg.PeriodInvalid,0,6553500.00%,0,,,,,,,,,,,,,,,,,,,,,,,,,,,,,,,,,,,,,,,,,,,,,,,,,,,,,,,,,,,,,,,,,,,,,,,,,,,,,,,,,,,,,,,,,,,,
errmsg.PatternedToErr, - Patterned stop is required and must be numeric.,,,,,,,errmsg.PeriodReq,0,6553500.00%,0,,,,,,,,,,,,,,,,,,,,,,,,,,,,,,,,,,,,,,,,,,,,,,,,,,,,,,,,,,,,,,,,,,,,,,,,,,,,,,,,,,,,,,,,,,,,
errmsg.PatternedRepNumErr, - Patterned repeating value is required and must be an integer greater than zero.,,,,,,,errmsg.PeriodTooBig,0,6553500.00%,0,,,,,,,,,,,,,,,,,,,,,,,,,,,,,,,,,,,,,,,,,,,,,,,,,,,,,,,,,,,,,,,,,,,,,,,,,,,,,,,,,,,,,,,,,,,,
errmsg.PatternedRepSeqErr, - Patterned repeating sequences value is required and must be an integer greater than zero.,,,,,,,errmsg.PoissonLamdaErr,0,6553500.00%,0,,,,,,,,,,,,,,,,,,,,,,,,,,,,,,,,,,,,,,,,,,,,,,,,,,,,,,,,,,,,,,,,,,,,,,,,,,,,,,,,,,,,,,,,,,,,
errmsg.PeriodInvalid, - Periodic interval must be an integer greater than zero.,,,,,,,errmsg.RandDistTypeReq,0,6553500.00%,0,,,,,,,,,,,,,,,,,,,,,,,,,,,,,,,,,,,,,,,,,,,,,,,,,,,,,,,,,,,,,,,,,,,,,,,,,,,,,,,,,,,,,,,,,,,,
errmsg.PeriodReq, - Please enter the Periodic Interval for sampling.,,,,,,,errmsg.RandNumMustBeInt,0,6553500.00%,0,,,,,,,,,,,,,,,,,,,,,,,,,,,,,,,,,,,,,,,,,,,,,,,,,,,,,,,,,,,,,,,,,,,,,,,,,,,,,,,,,,,,,,,,,,,,
errmsg.PeriodTooBig, - The Periodic Interval cannot exceed the number of values in input range.,,,,,,,errmsg.RandValNotExist,0,6553500.00%,0,,,,,,,,,,,,,,,,,,,,,,,,,,,,,,,,,,,,,,,,,,,,,,,,,,,,,,,,,,,,,,,,,,,,,,,,,,,,,,,,,,,,,,,,,,,,
errmsg.PoissonLamdaErr, - Poisson lambda is required and must be a number greater than zero.,,,,,,,errmsg.RandVarMustBeInt,0,6553500.00%,0,,,,,,,,,,,,,,,,,,,,,,,,,,,,,,,,,,,,,,,,,,,,,,,,,,,,,,,,,,,,,,,,,,,,,,,,,,,,,,,,,,,,,,,,,,,,
errmsg.RandDistTypeReq, - The type of distribution is required. Entry must be an integer between 1 and 7.,,,,,,,errmsg.RequiredStatOpt,0,6553500.00%,0,,,,,,,,,,,,,,,,,,,,,,,,,,,,,,,,,,,,,,,,,,,,,,,,,,,,,,,,,,,,,,,,,,,,,,,,,,,,,,,,,,,,,,,,,,,,
errmsg.RandNumMustBeInt, - Number of Random Numbers must be an integer greater than zero.,,,,,,,errmsg.RowsPerSampleRequired,0,6553500.00%,0,,,,,,,,,,,,,,,,,,,,,,,,,,,,,,,,,,,,,,,,,,,,,,,,,,,,,,,,,,,,,,,,,,,,,,,,,,,,,,,,,,,,,,,,,,,,
errmsg.RandValNotExist, - Discrete distribution : cannot find matching value for randomly selected probability.,,,,,,,errmsg.RowsPerSampleInt,0,6553500.00%,0,,,,,,,,,,,,,,,,,,,,,,,,,,,,,,,,,,,,,,,,,,,,,,,,,,,,,,,,,,,,,,,,,,,,,,,,,,,,,,,,,,,,,,,,,,,,
errmsg.RandVarMustBeInt, - Number of Variables must be an integer greater than zero. ,,,,,,,errmsg.SameRowsPerSample,0,6553500.00%,0,,,,,,,,,,,,,,,,,,,,,,,,,,,,,,,,,,,,,,,,,,,,,,,,,,,,,,,,,,,,,,,,,,,,,,,,,,,,,,,,,,,,,,,,,,,,
errmsg.RequiredStatOpt, - Please choose at least one statistical option.,,,,,,,errmsg.SameXYSamples,0,6553500.00%,0,,,,,,,,,,,,,,,,,,,,,,,,,,,,,,,,,,,,,,,,,,,,,,,,,,,,,,,,,,,,,,,,,,,,,,,,,,,,,,,,,,,,,,,,,,,,
errmsg.RowsPerSampleRequired, - Rows Per Sample is required.  Please enter.,,,,,,,errmsg.SampMethodInvalid,0,6553500.00%,0,,,,,,,,,,,,,,,,,,,,,,,,,,,,,,,,,,,,,,,,,,,,,,,,,,,,,,,,,,,,,,,,,,,,,,,,,,,,,,,,,,,,,,,,,,,,
errmsg.RowsPerSampleInt, - Rows Per Sample must be an integer greater than zero.,,,,,,,errmsg.SampMethodReq,0,6553500.00%,0,,,,,,,,,,,,,,,,,,,,,,,,,,,,,,,,,,,,,,,,,,,,,,,,,,,,,,,,,,,,,,,,,,,,,,,,,,,,,,,,,,,,,,,,,,,,
errmsg.SameRowsPerSample, - Each sample must contain the same number of rows.,,,,,,,errmsg.SeedInvalid,0,6553500.00%,0,,,,,,,,,,,,,,,,,,,,,,,,,,,,,,,,,,,,,,,,,,,,,,,,,,,,,,,,,,,,,,,,,,,,,,,,,,,,,,,,,,,,,,,,,,,,
errmsg.SameXYSamples," - X Range and Y Range must have the same number of rows (sample values), regardless of labels.",,,,,,,errmsg.SheetProtected,0,6553500.00%,0,,,,,,,,,,,,,,,,,,,,,,,,,,,,,,,,,,,,,,,,,,,,,,,,,,,,,,,,,,,,,,,,,,,,,,,,,,,,,,,,,,,,,,,,,,,,
errmsg.SampMethodInvalid," - Invalid sampling method.  Enter ""P"" for periodic sampling or ""R"" for random sampling.",,,,,,,errmsg.UniformBoundErr,0,6553500.00%,0,,,,,,,,,,,,,,,,,,,,,,,,,,,,,,,,,,,,,,,,,,,,,,,,,,,,,,,,,,,,,,,,,,,,,,,,,,,,,,,,,,,,,,,,,,,,
errmsg.SampMethodReq, - Sampling Method is required.,,,,,,,errmsg.VarPairedShape,0,6553500.00%,0,,,,,,,,,,,,,,,,,,,,,,,,,,,,,,,,,,,,,,,,,,,,,,,,,,,,,,,,,,,,,,,,,,,,,,,,,,,,,,,,,,,,,,,,,,,,
errmsg.SeedInvalid, - Seed must be an integer between 1..32767.,,,,,,,errmsg.VarPairedSize,0,6553500.00%,0,,,,,,,,,,,,,,,,,,,,,,,,,,,,,,,,,,,,,,,,,,,,,,,,,,,,,,,,,,,,,,,,,,,,,,,,,,,,,,,,,,,,,,,,,,,,
errmsg.SheetProtected, - Cannot modify protected sheet.,,,,,,,errmsg.VarRgTooSmall,0,6553500.00%,0,,,,,,,,,,,,,,,,,,,,,,,,,,,,,,,,,,,,,,,,,,,,,,,,,,,,,,,,,,,,,,,,,,,,,,,,,,,,,,,,,,,,,,,,,,,,
errmsg.UniformBoundErr, - Uniform bounds are required and must be numeric.,,,,,,,errmsg.VarRg1MustBeRef,0,6553500.00%,0,,,,,,,,,,,,,,,,,,,,,,,,,,,,,,,,,,,,,,,,,,,,,,,,,,,,,,,,,,,,,,,,,,,,,,,,,,,,,,,,,,,,,,,,,,,,
errmsg.VarPairedShape, - BOTH variable ranges must be rows or columns.,,,,,,,errmsg.VarRg1Req,0,6553500.00%,0,,,,,,,,,,,,,,,,,,,,,,,,,,,,,,,,,,,,,,,,,,,,,,,,,,,,,,,,,,,,,,,,,,,,,,,,,,,,,,,,,,,,,,,,,,,,
errmsg.VarPairedSize, - Variable ranges must have the same number of data points.,,,,,,,errmsg.VarRg12Overlap,0,6553500.00%,0,,,,,,,,,,,,,,,,,,,,,,,,,,,,,,,,,,,,,,,,,,,,,,,,,,,,,,,,,,,,,,,,,,,,,,,,,,,,,,,,,,,,,,,,,,,,
errmsg.VarRgTooSmall, - Variable ranges must have at least two data points.,,,,,,,errmsg.VarRg1OutOverlap,0,6553500.00%,0,,,,,,,,,,,,,,,,,,,,,,,,,,,,,,,,,,,,,,,,,,,,,,,,,,,,,,,,,,,,,,,,,,,,,,,,,,,,,,,,,,,,,,,,,,,,
errmsg.VarRg1MustBeRef, - Variable 1 Range must be a contiguous reference.,,,,,,,errmsg.VarRg2MustBeRef,0,6553500.00%,0,,,,,,,,,,,,,,,,,,,,,,,,,,,,,,,,,,,,,,,,,,,,,,,,,,,,,,,,,,,,,,,,,,,,,,,,,,,,,,,,,,,,,,,,,,,,
errmsg.VarRg1Req, - Variable 1 Range missing.,,,,,,,errmsg.VarRg2Req,0,6553500.00%,0,,,,,,,,,,,,,,,,,,,,,,,,,,,,,,,,,,,,,,,,,,,,,,,,,,,,,,,,,,,,,,,,,,,,,,,,,,,,,,,,,,,,,,,,,,,,
errmsg.VarRg12Overlap, - Variable Range 1 and 2 cannot overlap.,,,,,,,errmsg.VarRg2OutOverlap,0,6553500.00%,0,,,,,,,,,,,,,,,,,,,,,,,,,,,,,,,,,,,,,,,,,,,,,,,,,,,,,,,,,,,,,,,,,,,,,,,,,,,,,,,,,,,,,,,,,,,,
errmsg.VarRg1OutOverlap, - Variable 1 Range and Output range cannot overlap,,,,,,,errmsg.WrongDistType,0,6553500.00%,0,,,,,,,,,,,,,,,,,,,,,,,,,,,,,,,,,,,,,,,,,,,,,,,,,,,,,,,,,,,,,,,,,,,,,,,,,,,,,,,,,,,,,,,,,,,,
errmsg.VarRg2MustBeRef, - Variable 2 Range must be a contiguous reference.,,,,,,,errmsg.XOutOverlap,0,6553500.00%,0,,,,,,,,,,,,,,,,,,,,,,,,,,,,,,,,,,,,,,,,,,,,,,,,,,,,,,,,,,,,,,,,,,,,,,,,,,,,,,,,,,,,,,,,,,,,
errmsg.VarRg2Req, - Variable 2 Range missing.,,,,,,,errmsg.XRgMustBeRef,0,6553500.00%,0,,,,,,,,,,,,,,,,,,,,,,,,,,,,,,,,,,,,,,,,,,,,,,,,,,,,,,,,,,,,,,,,,,,,,,,,,,,,,,,,,,,,,,,,,,,,
errmsg.VarRg2OutOverlap, - Variable 2 Range and Output range cannot overlap,,,,,,,errmsg.XRgRequired,0,6553500.00%,0,,,,,,,,,,,,,,,,,,,,,,,,,,,,,,,,,,,,,,,,,,,,,,,,,,,,,,,,,,,,,,,,,,,,,,,,,,,,,,,,,,,,,,,,,,,,
errmsg.WrongDistType, - Random distribution type should be a number between 1 and 7.,,,,,,,errmsg.XRgsquare,0,6553500.00%,0,,,,,,,,,,,,,,,,,,,,,,,,,,,,,,,,,,,,,,,,,,,,,,,,,,,,,,,,,,,,,,,,,,,,,,,,,,,,,,,,,,,,,,,,,,,,
errmsg.XOutOverlap, - X range and output range will overlap. Please choose different output range.,,,,,,,errmsg.XYOverlap,0,6553500.00%,0,,,,,,,,,,,,,,,,,,,,,,,,,,,,,,,,,,,,,,,,,,,,,,,,,,,,,,,,,,,,,,,,,,,,,,,,,,,,,,,,,,,,,,,,,,,,
errmsg.XRgMustBeRef, - Input  X range must be a contiguous reference.,,,,,,,errmsg.YOutOverlap,0,6553500.00%,0,,,,,,,,,,,,,,,,,,,,,,,,,,,,,,,,,,,,,,,,,,,,,,,,,,,,,,,,,,,,,,,,,,,,,,,,,,,,,,,,,,,,,,,,,,,,
errmsg.XRgRequired, - Input  X range missing.,,,,,,,errmsg.YRgMustBeRef,0,6553500.00%,0,,,,,,,,,,,,,,,,,,,,,,,,,,,,,,,,,,,,,,,,,,,,,,,,,,,,,,,,,,,,,,,,,,,,,,,,,,,,,,,,,,,,,,,,,,,,
errmsg.XRgsquare, - The number of rows and columns in X range cannot be the same.,,,,,,,errmsg.YRgRequired,0,6553500.00%,0,,,,,,,,,,,,,,,,,,,,,,,,,,,,,,,,,,,,,,,,,,,,,,,,,,,,,,,,,,,,,,,,,,,,,,,,,,,,,,,,,,,,,,,,,,,,
errmsg.XYOverlap, - X range and Y range cannot overlap.,,,,,,,errmsg.ZtestVar1Numeric,0,6553500.00%,0,,,,,,,,,,,,,,,,,,,,,,,,,,,,,,,,,,,,,,,,,,,,,,,,,,,,,,,,,,,,,,,,,,,,,,,,,,,,,,,,,,,,,,,,,,,,
errmsg.YOutOverlap, - Y range and output range will overlap. Please choose different output range.,,,,,,,errmsg.ZtestVar2Numeric,0,6553500.00%,0,,,,,,,,,,,,,,,,,,,,,,,,,,,,,,,,,,,,,,,,,,,,,,,,,,,,,,,,,,,,,,,,,,,,,,,,,,,,,,,,,,,,,,,,,,,,
errmsg.YRgMustBeRef, - Input Y range must be a contiguous reference.,,,,,,,,0,6553500.00%,0,,,,,,,,,,,,,,,,,,,,,,,,,,,,,,,,,,,,,,,,,,,,,,,,,,,,,,,,,,,,,,,,,,,,,,,,,,,,,,,,,,,,,,,,,,,,
errmsg.YRgRequired, - Input Y range missing.  Please enter.,,,,,,,errmsg.ActiveXError,0,6553500.00%,0,,,,,,,,,,,,,,,,,,,,,,,,,,,,,,,,,,,,,,,,,,,,,,,,,,,,,,,,,,,,,,,,,,,,,,,,,,,,,,,,,,,,,,,,,,,,
errmsg.ZtestVar1Numeric, - Variance 1 must be a  number greater than zero.,,,,,,,errmsg.ShareCantChart,0,6553500.00%,0,,,,,,,,,,,,,,,,,,,,,,,,,,,,,,,,,,,,,,,,,,,,,,,,,,,,,,,,,,,,,,,,,,,,,,,,,,,,,,,,,,,,,,,,,,,,
errmsg.ZtestVar2Numeric, - Variance 2 must be a  number greater than zero.,,,,,,,dbt.Percent,0,6553500.00%,0,,,,,,,,,,,,,,,,,,,,,,,,,,,,,,,,,,,,,,,,,,,,,,,,,,,,,,,,,,,,,,,,,,,,,,,,,,,,,,,,,,,,,,,,,,,,
,,,,,,,,dbt.Residu,0,6553500.00%,0,,,,,,,,,,,,,,,,,,,,,,,,,,,,,,,,,,,,,,,,,,,,,,,,,,,,,,,,,,,,,,,,,,,,,,,,,,,,,,,,,,,,,,,,,,,,
errmsg.ActiveXError, - Cannot access workbook ActiveX controls.  Please contact customer service for help.,,,,,,,,0,6553500.00%,0,,,,,,,,,,,,,,,,,,,,,,,,,,,,,,,,,,,,,,,,,,,,,,,,,,,,,,,,,,,,,,,,,,,,,,,,,,,,,,,,,,,,,,,,,,,,
errmsg.ShareCantChart, - Cannot add chart to a shared workbook.  Continue creating output table?,,,,,,,helpmsg.SharingRef,0,6553500.00%,0,,,,,,,,,,,,,,,,,,,,,,,,,,,,,,,,,,,,,,,,,,,,,,,,,,,,,,,,,,,,,,,,,,,,,,,,,,,,,,,,,,,,,,,,,,,,
dbt.Percent,%,,,,,,,,,,,,,,,,,,,,,,,,,,,,,,,,,,,,,,,,,,,,,,,,,,,,,,,,,,,,,,,,,,,,,,,,,,,,,,,,,,,,,,,,,,,,,,,,,,,,,,
dbt.Residu,Residuals,,,,,,,,,,,,,,,,,,,,,,,,,,,,,,,,,,,,,,,,,,,,,,,,,,,,,,,,,,,,,,,,,,,,,,,,,,,,,,,,,,,,,,,,,,,,,,,,,,,,,,
,,,,,,,,,,,,,,,,,,,,,,,,,,,,,,,,,,,,,,,,,,,,,,,,,,,,,,,,,,,,,,,,,,,,,,,,,,,,,,,,,,,,,,,,,,,,,,,,,,,,,,,
helpmsg.SharingRef,XLADDIN.CHM!5030146,,,,,,,,,,,,,,,,,,,,,,,,,,,,,,,,,,,,,,,,,,,,,,,,,,,,,,,,,,,,,,,,,,,,,,,,,,,,,,,,,,,,,,,,,,,,,,,,,,,,,,